docid,Comments,Lable
100204,"භාන්ඩය ඉතමත් හොද තත්වයක පවතුනි. නියමිත ප්‍රමිතියටම නිමව තිබුනි, ස්තිතියි",5
100205,භාන්ඩය ඉතා හොද තත්වයෙ පවතී.,5
100206,මෙම වෙබ් අඩවියේ පාරිබෝගික සේවාව ඉතා ඉහළ මට්ටමක පවතී. මා ඇසූ සියලු ගැටලු වලට එ සැනින් පිලිතුරු ලැබුනි.,5
100207,දුරකථන කවරය ඉතා හොද ප්‍රමිතියකට නිමවා ඇත.,5
100208,මා බලා පොරොත්තු වූ වෙලද නාමය යටතේම ඇති අයිතම ඉතාමත් සදාරන මිලට නිවසටම ගෙනත් දෙනු ලබයි. සියලුම කාර්යය බහුල කන්තාවන් හට වටින මර්ගගත වෙලද පලකි.,5
100209,හොදයී,5
100210,ඉතා හොදයී,5
100211,ඉතා හොදයි,5
100212,සදහන් කර තිබූ විස්තර වලට අනුව සියල්ල නිවරදි ආකරයෙන් ඇනවුම තුල තිබුනි. මුදලට ඉතාමත් වටී.,5
100213,භාණ්ඩය ඉතා උසස් ත්ත්වයේ ඇත.බලාපොරොත්තු වූ ආකාරයට ලැබී ඇත.,5
100214,ඉතාමත් උසස් තත්වයේ කලිසමකි.,5
100215,සුපිරි කට්ටලයක් ! මැහුම් පිළිවෙලට ඇත. මම නිර්දේශ කරමි!,5
100216,උසස්ම අමුද්‍රව්‍ය වලින් නිමවා ඇත. මම ගොඩක් සතුටුයි මෙම සපත්තු යුගල ඇනවුම් කරාට.,5
100217,භාන්ඩ ඇනවුම පිලිබදව උපරිමයෙන් තෘප්තිමත්,5
100218,ඉතාමත් හොද branded සපත්තු පහසුවෙන් ගෙදරටම ගෙන්න ගන්න හොදම තැන,5
100219,ඉතා හොද lock එකක් තියෙනවා. ඇත්තටම මන් පින්තූර වලින් දැක්කට මේ තරම් හොද ඇති කියල හිතුවෙ නැහැ.,5
100220,මේසිටෙ එකේ කැමති brand කැමති අදුම් ගොඩාක් තියෙනවා. පට්ට...,5
100221,හරිම ලස්සන Teddy කෙනෙක්. ඉතාමත් හොද quality එකකට හදල තියෙනවා.,5
100222,ගත්තු ගානටනම් හොදටම වටිනවා. මේ දවස් වල කඩේකට ගිහින් තෝරලා බඩු ගන්න අමරු නිසා දැන්මේ. ඒත් ගත්තට පස්සෙ හොදටම satisfy උනා bag එක ගැන.,5
100223,Order එකනම් හොදටම තිබුනා. මට දවසක් ඇතුලට order එක ලැබුනා.,5
100224,හොදම branded අදුම්. Order එක දාපු ගමන් ටක්ගාල ආවා.,5
100225,Offer එකනම් පට්ට වටිනවා. ඒ ගානට ගෙදරටම ගෙනත් දෙන එක මාර වටිනවා.,5
100226,හොද sound quality එකක් තියෙනවා. මේකනම් පට්ට.,5
100227,පින්තූර වල වගේම ලස්සනට තියෙනවා. ගොඩක් හොද material එකකින් හදල තියෙන්නෙ.,5
100228,"වෙලවටම ආවා. මන් salon එකට බඩු අඩු වෙලා ටක්ගාල order කරේ, මේ කාලේ බඩු අඩු නිසා. මේවගේ වෙලාවකටම මාරම වටිනවා.",5
100229,ඉතාමත් හොද තත්වයේ අදුමක්. ගත්ත ගානට හොදටම වටිනවා.,5
100230,හරි සෝයි teddyයා. මන් හරි ආසයි. So cute..,5
100231,පෙනුමනම් හොදටම තියෙනවා. මන් මාර ලස්සනයි. 3 පාරක් use කරන්න පුලුවන්.,5
100232,මේකනම් මරු. Color patterns ගොඩක් තියෙනවා. මන් කැමතියි.,5
100233,මේ සෙට් එකනම් පට්ට. පාට ගොඩාරියක් තියෙනවා. වෙලාවට බඩුත් ආවා.,5
100234,Sound නම් සුපිරි. Bluetoothතුත් තියෙනවා.,5
100235,Package එක පරිස්සමට ලැබුනා. හදන විදිය ගැන description එකකුත් තිබ්බා. ගොඩක් හොදට responsible විදියට වැඩේ කරනවා.,5
100236,මේකනම් මාර ලස්සනයි. හොද හයියට තියෙනවා. Switch එකත් මාර smoothly වැඩ කරනවා.,5
100237,"Finishing නම් මරු, Original එකක් වගේම තියෙනවා. පට්ට",5
100238,එලියත් හොදයි. Light levels 3ක් තියෙන නිසා පහසු විදියට use කරන්න පුලුවන්. මාර comfortable. මන් ගොඩක් කැමතියි මේකට.,5
100239,හරිම ලස්සනයි. ඒ වගේම මාරම සැහැල්ලුයි ඇගටත්.,5
100240,හරිම ලස්සන design එකක්. මන් ගොඩක් ආසයි මේකට.,5
100241,හරිම පහසුවෙන් use කරන්න පුලුවන්. ගොඩක් හොදට හදල තියෙනවා.,5
100242,හරිම ලස්සනයි. පොඩි උනට ඉඩ තියෙනව බඩු දාන්න. හරිම ශෝක්.,5
100243,හරිම පහසුයි. Free sizes ඕන කෙනෙක්ට පහසුවෙන් use කරන්න පුලුවන්. මන් ඇත්තටම කැමතියි මේකට.,5
100244,හොඳ තත්ත්වයේ භාණ්ඩයක්. මිලදී ගැනීම ගැන නිසැකවම සතුටුයි!,5
100245,පොදුවේ ඔක්කොම හොදටම වැඩ. Battery එකත් හොදයි.,5
100246,"පටිය ඉතා හොඳින් ගැලපේ. එය බලවත් හා දැඩි, ගුණාත්මක බවින් පෙනේ.",5
100247,Order කරල දවස් දෙකකින් ආවා. මේකනම් පට්ට. හොද එලියක් තියෙමවා. මම කැමතියි ඒකට.,5
100248,හරිම ලොකුයි මේ teddy නම්. මන් මාරම ආසයි. ලස්සනයි. හරි සිනිදුයි. Gift එකකටනම් මරු.,5
100249,මන් gift එකක් ඒදියට order කරේ. මට ඕන දවසටම ගිහින් තිබුනා. ඇත්තටම හොද service එකක්.,5
100250,විකුනන ගානට බොහොම සාදාරනයි. ඉතාමත් හොද භාන්ඩයක්.,5
100251,ඉතා හොද තත්වයෙන් ඇත.බලාපොරොත්තු වූ දිනටත් පෙර නිවසටම ලැබුණි.,5
100252,මේකටනම් මන් හුගක් කැමතියි. හොද branded පෙනුමක් තියෙනවා. පටියත් හොදයි.,5
100253,හොද හයිය leather එකකින් හදල තියෙන්නෙ. හරි ලස්සනයි. කාලයක් පාවිච්චි කරන්න පුලුවන්. මන් හරි කැමතියි.,5
100254,Original charger එකක් වගේමයි. ඉක්මනට charge වෙනවා. හොදට plug වෙනවා. මන් කැමතියි මේකට.,5
100255,මේකනම් නියමට මට්ච් වෙනවා. ඇහැටත් සැහැල්ලුයි. මන් ආසයි මේකට.,5
100256,හරිම ලස්සන පාට සෙට් එකක්කම තියෙනවා. ඕන අදුමකට ගැලපෙන්න. මන් හරි කැමතියි මේකට.,5
100257,Description එකේ තිබුන විදියට වෙලාවට ආව. ස්තුතියි.,5
100258,මම ඇනවුම් කල බාන්ඩයම මට ලැබුන.ඒ ගැන මට ගොඩක් සතුටුයි.බොහොමත්ම ස්තූතියි.,5
100259,"ඉතා හොඳ නිෂ්පාදනයක්, ඉතා හොඳයි, ඉතා හොඳින් ඇසුරුම් කර ඇත.",5
100260,"භාණ්ඩය ක්‍රමවත්ව අසුරා තිබීම, මා සිතා සිටි දිනට කලින් භාණ්ඩය නිවසට ගෙනවිත් ලබා දීම පිලිබදව හා ලබාගත් භාණ්ඩය පිලිබදව උපරිමයෙන්ම තෘප්තිමත් වෙමි..ස්තූතියි...",5
100261,මෙම හෙඩ් ලයිට් එක ගොඩක් ශක්තිමත්! මගේ බයිසිකලයතරම් බරයි. ! මන් ගොඩක් කැමතියි මේකට.,5
100262,"මම එයට කැමතියි, මම නිසැකවම නැවත කියමි, මම 90 B ප්‍රමාණයෙන් යුක්ත වන අතර අත්වැසුම් ලෙස මම විශිෂ්ට ලෙස භාවිතා කරමි.",5
100263,ඉතාමත් ලස්සන හා හොද ඇදුමක්,5
100264,ඇනවුම නියමිත වෙලාවට ආව. පටියත් ගොඩක් හොදයි. මේ seller නම් ගොඩක් හොදයි.,5
100265,මම recommend කරනවා !!! මම ඇත්තටම සතුටු වෙනවා. ඉතාමත් ඉක්මනින් භාන්ඩය ලැබුනා සහ හොඳින් ඇසුරුම් කර ලබා දී තිබෙනවා.,5
100266,"එය උසස් තත්ත්වයේ බව පෙනේ, හෙට අපි අපේ දරුවා සමඟ එය Try කරනවා. ඔබට ස්තුතියි",5
100267,"Thank you very much for giving me such a fabulous product to my hands, rather than other stuffs I was more delighted from your valuable Service, hope to be in the market for everlasting years....❤️",5
100268,"සෑම දෙයක්ම හොඳයි, ගුණාත්මකභාවය, සවි කිරීමේ වැඩ, වර්ණය ඉතා ප්‍රසන්නයි (මම recommend කරනවා ,දින 14 ඇතුලට පැමිනියා)",5
100269,"තොප්පිය හොඳයි, Material දෙකක් use කරල හදල තියෙන්නේ. ඉතා හොදයි.",5
100270,"විකුණන්නාට බොහෝම ස්තූතියි. කිසිවක් නොකැඩී නිවසට ඉතාමත් පරිස්සමින් පැමිනියා, දීප්තිමත්, පුළුල් කකුලක් ඇති අයෙකුට ඉතා හොදින් ගැලපේ. ඔබේ ප්‍රමාණයට ගැලපෙන සේ order කරන්න.",5
100271,"දින 5 න් කුරියර් මගින් බෙදා හැරේ. පොම්පය හැර අනෙක් සියලු උපාන්ග බෝලය සමඟ ලැබුනි, ඇණවුම කළේ බෝලය පමණි. ඇත්තෙන්ම මම ව්කුනුම් කරුව නිර්දේශ කරමි.",5
100272,"නියමයි, මට අවශ්‍ය වීමට පෙර දින 12 කින් අත්වැසුම් පැමිණියා. එහි මිල සඳහා ගුණාත්මකභාවය ඉතා ඉතා හොඳයි. විකුණුම් කරුට තරු පහකි.",5
100273,"ඉතා සුවපහසු සහ මෘදු හා ලස්සනයි. ඉක්මනින් පැමිණී අතර අපූරු නිෂ්පාදනයක්, sellerට බොහෝම ස්තූතියි. මම සෑම කෙනෙකුටම recommend කරමි.",5
100274,"ඉතා හොඳ කාඩ්පත් සහ හොඳින් මුද්‍රණය කර ඇත, මාස 2 ක් ඇතුළත ලැබුනි. හොඳ තත්ත්වයේ පැවතුනද එය තරමක් තුනී ය. කොහෙත්ම නරක නැත. කෙසේ හෝ ස්තූතියි!",5
100275,"පින්තූරයේ තිබුන වගේමයි, කුඩා දරුවන් සමඟ සෙල්ලම් කිරීමට ඉතා හොඳයි.",5
100276,"ඉතා ඉක්මනින් පැමිනියා. හොඳ තත්ත්වයේ ඇසුරුම්, සෑම ජෝගුවක්ම තද කාඩ්බෝඩ් පෙට්ටියක සහ ප්ලාස්ටික් කවරයකින් ආවරනය කර තිබුනි, එස් ජෝගුව හානියක් නොමැතිව පැමිණියේය. හොඳ නිම කිරීමක්, ගුණාත්මකභාවය ඉතා හොදයි, දාර නැත, හොඳ ජෝගුවක්. හොඳ තත්ත්වයේ ද්‍රව්‍ය. Thank you seller.",5
100277,නිෂ්පාදනය හොඳ තත්ත්වයේ ඇති බවක් පෙනේ! ඉතා ඉක්මනින් පැමිනියා!,5
100278,වේගවත් බෙදා හැරීමට ස්තූතියි. මම මොහුගෙන් ඇණවුම් කරන්නේ පළමු වතාවට නොවේ. ගුණාත්මකභාවය ඉතා ඉහලයි. මම තවත් ඇණවුම් කරමි,5
100279,ඉතා ඉක්මනින් පැමිනියා. භාණ්ඩ පෙනුමෙන් විශිෂ්ටයි!,5
100280,ඉතා වේගයෙන් ලැබුනි (සති 2ක් තුලා. විකුණන්නා සමඟ කත කිරීමේ අවශ්‍යතාවයක් වුනේ නැත.,5
100281,"හොඳ කපු රෙදිවලින් නිමවා ඇත, රස්නයටද ඉතා හොඳයි, මැහුම් වල ගුණාත්මකභාවය හොඳයි. රෙදි තුනී සැහැල්ලු නමුත්, නමුත් හැඩය ඇත, මම එයට බෙහෙවින් කැමතියි. මිලදී ගැනීමට මම නිර්දේශ කරමි.",5
100282,ඉතා හොද ප්‍රතිපල සතියක් භාවිතය තුලින් මට ලැබුනි.,5
100283,ගුණාත්මකභාවය හොඳයි. මම තවම භාවිතා කරේ නම් නැහැ. ඉතා ඉක්මනින් ලැබුනා. ඔබට ස්තුතියි. මම sellerව recommend කරමි..,5
100284,සෑම දෙයක්ම ආරක්‍ෂිතව හා හොඳින් පැමිණියේය. මගෙ ගෙදරට කුරියර් එකක් ගෙනාවා. මට ගොඩක් සතුටින්.,5
100285,දින 8-9 ක් තුල ලැබුනි. සමාලෝචන හා විස්තර වල මෙන් සියල්ල ඇත. ස්තුතියි !!! Recommend කළ හැකිය !!,5
100286,"සරල ඔරලෝසුව, නමුත් පොරොන්දු ඉටු කරන පරිදි විස්තර කර ඇති පරිදි ලාභදායී වන අතර දින 11 ක නිවසක හොඳින් ඇසුරුම් කර ඇත. එම මුදලට වටී.",5
100287,Hello මට ඔයාලගේ oder එක හම්බුනා එක ගොඩක් ලස්සනයි මන් හිතුවාටත් වඩා ගොඩක් ලස්සනයි,5
100288,Bag එක හොඳ quality එකෙන් තිබුනා. හොඳට pack කරලා තිබුණ නිසා කිසිම damage එකක් වෙලා තිබ්බේ නැ,5
100289,"මම එයට කැමතියි, මගේ කුඩා දැරිය පවා එය සෑම විටම වැසිකිළියට යාමට ඇති මාවතක් ලෙස දකී. එය හොඳින් වැඩ කරයි.",5
100290,ඇණවුම ඉක්මනින් පැමිණියේය. මම උත්සාහ කරන්නම් එය භාවිතා කරන්න.,5
100291,විශිෂ්ට නිෂ්පාදනයක්. හොඳින් ක්‍රියා කරන අතර ඉතා සැහැල්ලු හා බහුකාර්ය උපකරනයක්.,5
100292,"ඇදහිය නොහැකි තරම් ලස්සන, සුපිරි ආරක්ෂිත පටියක්, උසස් තත්ත්වයේ සනිමාවක් ඇත.",5
100293,මම පාර්සලය ලබා ගත්තා. එය වැඩි කාලයක් නොගිහින් නිවසටම ලැබුනා. මිලදී ගැනීම ගැන සතුටු වෙමි.,5
100294,එය භාවිතා කිරීමට ඉතා පහසු වේ. ඔබේ ඇඟිල්ල සහ යන්ත්‍රය ස්පර්ශ කිරීමෙන් පමණක් පොම්ප කරනු ඇත. USB කේබලයෙන් බැටරිය ආරෝපණය වේ.,5
100295,ලාම්පුව ඉතා උසස් තත්ත්වයේ පවතී. ආලෝකකරණයේ ආකාර තුනක්ද ඇත. Sensor එක හොදින් වැඩ කරයි.,5
100296,ලස්සනයි !!!! ගුණාත්මකභාවය ඉතා හොඳ වන අතර දැන්වීමෙ තිබූ ආකාරයටම පවතී.,5
100297,ඉතා විනෝදාත්මක වන අතර ප්‍රතිඵලය විශ්මය ජනකයි!,5
100298,"Description එකේ තිබ්බ වගේම හොඳ quality එකට තිබ්බා. පාට, රෙද්ද ඒ විදියට ම තිබ්බා. හොඳ product එකක්.",5
100299,හිතපු විදිහටම තිබ්බා,5
100300,Quality එක ඉතාමත් හොදයි.ඉක්මනින් ලැබුනා.,5
100301,සුපිරි. මම ඔවුන්ට කැමති. ඉතා හොඳ තත්ත්වයේ ඇත. නියත වශයෙන්ම බය නැතිව මිලදී ගත හැක.,5
100302,"බෙදා හැරීම දින 10 ක් තුල සිදුවිනි. ගුණාත්මකව ඇසුරුම් කර තිබුනි, ගන්ධයක් රහිතය, ලස්සන ටී-ෂර්ට් එකක්.",5
100303,"ද්‍රව්‍යමය ගුණයට මම ඇත්තෙන්ම කැමතියි, මැහුම් පිළිවෙලට ඇත.",5
100304,"ඉක්මනින්ම පැමිනියා, ගුණාත්මකභාවය ඉතා හොදයි.",5
100305,සෑම දේම ඉතා හොදින් ක්‍රියාත්මක වේ. ඉක්මනින් ලබා දුන්නට වෙළෙන්දාට ස්තුතියි.,5
100306,"නිෂ්පාදන ගුණාත්මකභාවය ඉතා හොඳයි, එබැවින් මම මගේ යතුරුපැදිය සදහා එය භාවිතා කලෙමි!!",5
100307,Harima lassana dress ekak. Qulity. Mn eka gana gdak impressed,5
100308,"ඉතා හොඳ පසුම්බියක්, ඉතා හොද ප්‍රමිතියකට නිමවා ඇත.",5
100309,"නියම තත්ත්‍වයේ පවතී, කලින් පැමිණියා, ලස්සනයි! මම ගොඩක් කැමතියි !!!",5
100310,"ඉතා ඉක්මනින් ලැබුනි, හොඳින් ඇසුරුම් කර ඇති අතර එය හොදින් ක්‍රියා කරයි. විකුනුම් කරුව නිර්දේශ කරන්න.",5
100311,භාණ්ඩය හොද තත්ත්වයෙන් ලැබුනා ඒ වගේම ඉතා ඉක්මනට ලැබුනා නිවසටම,5
100312,විකුණන්නා නියමයි. IPhone SE 2020 සඳහා හොඳින් fit වෙනවා.,5
100313,ඉතා තෘප්තිමත් ගුණාත්මකභාවය හොඳ අතර ඉතා ඉක්මනොන් ලැබුනි.,5
100314,"මම කරන දෙවන නියෝගය ඇනවුම, ඉතා හොදින් ක්‍රියා කරයි, මම මෙයට කැමතියි, ස්තූතියි",5
100315,"ඉතා හොඳ නිෂ්පාදනයක්, ජංගම දුරකථනය සමඟ සම්බන්ද කිරීමට ඉතා පහසුය, මම තවමත් එය රූපවාහිනියට සවි කරේ නැහැ, නමුත් මම දැනටමත් මැන බැලූ අතර එය පරිපූර්ණයි.",5
100316,"හොඳ තත්ත්වයේ ඇලුමිනියම් වලින් නිමවා ඇත. මම දෙකක් ඇණවුම් කළා, දෙකම ආවා. බය නැතුව ඇණවුම් කරන්න.",5
100317,"උසස් තත්ත්වයේ නිෂ්පාදනයක් සහ සුපිරි, ඉක්මනින් භාන්ඩය ලැබුනි ඔබට ස්තූති කරන අතර ඔබට හොඳම විකුණුම්කරුවකි.",5
100318,ඒක වටිනවා !!! විශිෂ්ට නිෂ්පාදනයක්!,5
100319,"වේගවත් බෙදා හැරීම, පුදුමාකාර නිෂ්පාදනයක්, විශිෂ්ට අලෙවිකරුවෙක්.",5
100320,"නිෂ්පාදිතය උසස් තත්ත්වයේ, වේගවත් නැව්ගත කිරීමකි, එය ඔබගේ ඡායාරූපයට සමාන වේ, ස්තූතියි.",5
100321,විශිෂ්ට නිෂ්පාදනයක්! කේබල් පිලිවෙලකට තබා ගැනීම සඳහා ඉතා ප්‍රයෝජනවත්! හොඳ ගුණාත්මකභාවය ඉතා හොඳයි ... බය නැතුව මිලදී ගන්න!,5
100322,"පින්තූරයේ ඇති ආකාරයටම ඇත, එය වේගයෙන් පැමිණි අතර මම එයට කැමතියි.",5
100323,මගේ බිරිඳ එයට බෙහෙවින් කැමතියි. එය පුදුමාකාර සොයා ගැනීමකි. ඔබට ස්තුතියි.,5
100324,"ස්තූතියි, ඉතා හොඳ තත්ත්වයේ Mask, විකුණන්නා ඉතා හොදයි.",5
100325,"සෑම දෙයක්ම හොඳින් පැමිණ ඇත, හොඳින් ඇසුරුම් කර ඇත, කිසිවක් හානි නොවී ලැබුනි.",5
100326,විස්තර කර ඇති පරිදි හරියටම ඇත. නියමයි ස්තුතියි.,5
100327,ඉක්මන් බෙදා හැරීමක්. නියමෙට ගැලපෙනවා.,5
100328,ඉහළ ගුණත්වය! මෙය මගේ දෙවන ඇනවුමයි. සති 3 කින් ලැබුණි.,5
100329,"විකුණන්නාට බොහෝ ස්තූතිවන්ත වන අතර, පාර්සලය හරියටම දින 7 න් ඉතා ඉක්මනින් ළඟා විය. විස්තරයේ පරිදි සියල්ල: කළු වර්නය, ඉතා හොඳ තත්ත්වයේ. මම සතුටු වෙමි, මම නිර්දේශ කරමි",5
100330,ඇණවුම සහ හොඳ තත්වයේ ඇත. තෑගි වලට ස්තුතියි. එකට එකත් හොඳයි.ලංකාවෙ උන් ගනිල්ල. ස්පීඩ් යනව 20MB/s වලින් එහා වගෙ. පෙන් එකත් හොඳයි,5
100331,"ලස්සන iPhone 11 case, කාඩ් සඳහා පසුම්බිය, ලස්සන නිල් පැහැති ආවරණ, මගේ බිරිඳට තෑග්ගක් ලෙස දුනෙමි.",5
100332,ඉක්මනට පැමිනියා. යතුරු පුවරුව විශිෂ්ටයි! මම තවම එය සම්පූර්ණයෙන් පරීක්‍ෂා කර නැත.,5
100333,විශිෂ්ට භාණ්ඩයක්,5
100334,,5
100335,ඉතා හොඳ තත්ත්වයේ. ඒ වගේම නියමයි. විකුණුම් කරුට ස්තූතියි.,5
100336,විශිෂ්ඨ නිෂ්පාදනයක් මෙය ඉතාමත් ලස්සන දෙයකි. එය ඉතා හොඳින් ඇසුරුම් කර ඇත. මම ඒකට ගොඩක් කැමති වුණා.,5
100337,ඉතා හොඳ තත්ත්වයේ ඇත. පින්තූර වල මෙන්ම.,5
100338,"උසස් තත්ත්වයේ කෙස් කළඹක්, ඉතා පූර්ණ හා ඝනකම්ය, ගැලවී නොයයි.",5
100339,"ගුණාත්මකභාවය හොඳයි, දින 20 කින් පසු ඇණවුම ලැබුණි, සියල්ල හොඳියි.",5
100340,"එය ඉතා හොඳ පරීක්ෂණ නිෂ්පාදන හොඳින් ක්‍රියාත්මක වන අතර 130ම්ග්/ස් වේග පිටපතක්, විකුණන්නා සමග සුහදව කත කල හැකිය.",5
100341,අයිෆෝන් 12 ප්‍රෝ මැක්ස් රඳවනය සුදුසු ය. මම එය තවම උත්සාහ කර නැත. දුරකථනය ආරෝපණය කරයි. ඊයම් වල ද්‍රව්‍ය හා ගුණාත්මකභාවය විශිෂ්ටයි. නිසැකවම මිලදී ගැනීමට මම නිර්දේශ කරමි.,5
100342,ඔවුන් පරිපූර්ණයි. පරිපූර්ණ මැහුම්. වේගවත් බෙදා හැරීම. හොඳින් ඇසුරුම් කර ඇත. විකිනුම් කරුගේ වෘත්තීයමයභාවයට ස්තුතියි.,5
100343,"හොඳ නිෂ්පාදනයක්, විකුණන්නා සමඟ හොඳ සම්බන්ධතාවයක් පවත්වා ගැනීමට පුලුවන්. ස්තූතියි.",5
100344,පිජාමා එක නියමයි. කොට කලිසමක් හොදයි.,5
100345,ඔබට ස්තුතියි! මම එය ඉතා ඉක්මනින් ලබා ගත්තා!,5
100346,"ලස්සන බෑගය, විශිෂ්ට ගුණාත්මකභාවය සහ ප්‍රමාණය මම බෙහෙවින් නිර්දේශ කරමි.",5
100347,දැන්වීමේ තියනවටත් වඩා හොද තත්වයේ ඇත.,5
100348,"ලස්සන නිෂ්පාදනයක්, මම එයට කැමතියි. ඇස්තමේන්තු ගත කාලය තුළ එය පැමිණියේය.",5
100349,උසස් තත්ත්වයේ බෑගය. ඉතා හොඳ මිලක්. ඉතා වේගයෙන් පැමිනියා.,5
100350,ඉතාම ලස්සන මෘදු අතිශයින්ම විශිෂ්ට තත්ත්වයේ ඇත.,5
100351,ඉතාමත්ම හොඳ උපකරණයක්.,5
100352,සේවාව ඉතා සතුටුදායකයි. ඇනවුම් කල උපකරණය ඉහල ගුණාත්මක තත්වයකින් ලැබී ඇත.,5
100353,"හොඳ අත්බෑගයක්, නූල් ටිකක් ඇලී තිබේ. සති 3 කින් පැමිණියේය.",5
100354,"විශිෂ්ටයි ඉතා ලස්සනයි, මම දෙවරක් ඇණවුම් කළා, අපූරු වර්ණය!",5
100355,නිවේදනයට 100% අනුරූපය. මුදල් සඳහා හොඳ වටිනාකමක් ලැබුණි.,5
100356,"විස්තරය අනුරූප වේ, ශක්තිය සඳහා පරීක්ෂා නොකළේය. සෑම දෙයක්ම පිළිවෙලට පෙනේ, ඉස්කුරුප්පු නියනක් පසුබෑමකින් තොරව ක්‍රියා කරයි.",5
100357,පින්තූරයක් හා සමානයි. ඉතා මෘදු සහ සුවපහසුයි. විකුණුම්කරුට ස්තූතියි,5
100358,"ඉතා වේගයෙන් පැමිණ ඇත, නිෂ්පාදන විශිෂ්ට තත්ත්වයේ. මම එය සෑම කෙනෙකුටම නිර්දේශ කරමි!",5
100359,"විශිෂ්ට නිෂ්පාදනයක්. බිය නොවන්න, ඔබ සාමාන්‍යයෙන් භාවිතා කරන ප්‍රමාණයට වඩා වැඩි කාලයක් භාවිතා කල හැක.",5
100360,"සුවපහසු කපු කලිසමක්, එය ලේස් යෙදීම මගින් වඩා අලන්කාර කර ඇත.",5
100361,"නියමිත වෙලාවටට් කලින් පැමිනියා, මිලදී ගැනීම පිලිබදව සතුටුයි.",5
100362,විස්තරයට අනුකූල වේ. ඇඟිල්ලට ලස්සනයි. විකුණුම්කරු සමඟ කාතාබස් කිරීමට අවශ්ය නොවිනි.,5
100363,"පැහැදිලිව සහ ක්ෂණිකව උෂ්ණත්වය පෙන්වයි. සැහැල්ලුය, සුවපහසුය, ලස්සනය.",5
100364,නිෂ්පාදනයේ හොඳ ගුණාත්මකභාවයකින් යුක්තය. විස්තරයට සදහන් කර ඇති ආකාරයටම තිබුනි! මම නිර්දේශ කරමි!,5
100365,මෙතරම් මිල අඩු ටී ෂර්ට් එකක් මෙතරම් හොඳ තත්ත්වයේ තිබීම ගැන මම සතුටු විය,5
100366,මේක හොඳ ක්‍රමයක් තමයි බඩු කඩන් වැටෙන්නේ නැතිව බෑග් එකේ දාගෙන යන්න,5
100367,"එය ඉක්මනින් ලැබුණි, විස්තර කර ඇති ආකාරයටම ඇත. ඔබට ස්තුතියි!",5
100368,"විස්තර කර ඇති පරිදි, එය දිනයට පෙර පැමිණියේය, ඔබට බොහෝම ස්තූතියි",5
100369,හිතුවටත් වඩා ලස්සනයි. වෙලාවටම හම්බවුනත් එක්ක.තැන්ක් යූ..,5
100370,ඉතා හොද ගුනාත්මක භාවයකින් යුක්තයි. ඉක්මනින් ලැබුනි. විකුනුම් කරුට ස්තුතියි.,5
100371,විශිෂ්ට තත්ත්වයේ නිමාවක් ඇත. මම 100% නිර්දේශ කරමි. ඉක්මනින් පැමිනියා. හොදින් ඇසුරුම් කර තිබුනා. ඔබට ස්තූතියි,5
100372,විශිෂ්ට භාන්ඩයක්. වේගවත් බාරදීම. ගුණාත්මක භාවය ඉතා හොදයි. මම මෙම විකුණුම්කරු තනිර්දේශ කරමි. ස්තුතියි.,5
100373,"එවැනි මිලකට විශිෂ්ට කමිසයක්! සහ බෙදා හැරීම ඉතා වේගවත්, සති 2 කට අඩු කාලයකදී මා වෙත පැමිණියේය!",5
100374,විශිෂ්ට ගුණාත්මක. සුපිරි වේගයකින් ආවා.,5
100375,"මම එම නිෂ්පාදනය ගැන ඇත්තෙන්ම සතුටුයි, ඇත්තෙන්ම ඉක්මන් බෙදාහැරීමක්, මම දින 8ක් වගේ බලාගෙන හිටියා, ඒ නිසා මම ඇත්තටම සතුටුයි",5
100376,හොඳ නිෂ්පාදනයක්. ඉතා ලාබයි. හොඳ පාරිභෝගික සේවාවක් සහ වේගවත් බෙදාහැරීමක්. මම දින 14 ක් ඇතුළත එය ලබා ගත්තා.,5
100377,ස්ටිකර් හරිම ලස්සනයි. මම නිර්දේශ කරමි. න්නඒවා අතුල්ලන්නේ නැත්නම් දිගු කාලයක් පවතී. සුපිරි.,5
100378,"පරිපූර්ණයි, ප්‍රමාණය හොඳයි, ගුණාත්මකභාවය ඇත්තෙන්ම හොඳයි",5
100379,"මම ඇත්තටම ඒකට කැමති වුණා. එහි වර්ණ කිහිපයක් ඇත, ඒවා තනිවම වෙනස් වේ. එය USB කේබලයක් සමඟ පැමිණේ.",5
100380,ගොඩක් හොඳයි,5
100381,නැවුම් සහ සුවපහසු. වේගවත් නැපැමිණීමක්. ඇත්තෙන්ම හොද විකුනුම්කරුවෙක්.,5
100382,Weldone,5
100383,ඉතා හොදයි,5
100384,ඇත්තටම හොද භාණ්ඩයක්,5
100385,එය හොඳ තත්ත්වයේ පැමිණි අතර හොඳින් ක්රියා කරයි,5
100386,එම සෙවාවෙන් තවත් බාන්ඩ ලබා ගන්නවා,5
100387,Ema online ayathana pilibadawa anith ayatath pawasima ha naawath emagin oder kirimata pelabima menma ema ayathnaya pilibada wishwasaya tahawuru we,5
100388,ගොඩක් ලස්සන ඇදුමක්,5
100389,ඉතා හොඳ නිෂ්පාදනයක්. මම මෙම අයිතමය සඳහා මෙම විකුණුම්කරු නිර්දේශ කරමි,5
100390,එය පිළිවෙලට හා ලස්සන පෙනුමක් ඇත. වේගයෙන් ආවා.,5
100391,"ඉතා ඉක්මනින් පැමිණි අතර, නිෂ්පාදිතය හොඳින් ඇසුරුම් කර තිබුනි, පරිපූර්ණව වැඩ කළේය.",5
100392,"සුපිරි, මම එය හොඳ තත්ත්වයෙන් සහ නියමිත වේලාවට ලබාගත්තෙමි. ඔබට ස්තුතියි.",5
100393,එය ඉතා නිවැරදි හා හොඳ තත්ත්වයේ විය. ඉතා තෘප්තිමත්!,5
100394,"එය ක්රියා කරයි, උෂ්ණත්වමානය සමඟ ඉතා සතුටුයි",5
100395,"සියල්ල යෙදුම හරහා සම්බන්ධ වේ. සෑම දෙයක්ම සරලයි, ස්තූතියි",5
100396,ඉතා හොඳ සහ ඉතා ප්රයෝජනවත් නිෂ්පාදනයක්.,5
100397,හොඳ පෙනුමක් ඇති අතර ඔරලෝසුව හොඳින් රදවා ගනියි.,5
100398,වර්ණය හරි සහ විකුණුම්කරු වේගවත් ඇණවුමක් එවන ලදී.,5
100399,"බෙදා හැරීම නොමිලේ සහ වේගවත් විය. ගුණාත්මකභාවය හොඳයි. සාමාන්‍ය නිෂ්පාදනයක්, එහි මිල අනුව හොඳයි.",5
100400,ඉතා හොද power bank එකකි. එක ආරෝපනයකින් තෙවරක් සම්පූර්නයෙන්ම භාවිත කල හැක.,5
100401,"මම එය වසරක් තිස්සේ භාවිතා කර ඇති අතර ඉතා විශිෂ්ටයි, මෙය මම නැවත මිලදී ගත්තා.",5
100402,"හොඳ පබළු, මැට්. බෙදා හැරීම මාසයකට වඩා ටිකක් වැඩි කාලයක් ගතවිය. සීරීම් නැත.",5
100403,ඉක්මනින් ලැබුණා! නිෂ්පාදන පරිපූර්ණ ක්රියාකාරී තත්ත්වයේ ඇත.,5
100404,"රූපය වැනි, ඉතා ප්රායෝගික නමුත් එය භාවිතා කිරීමට පෙර එය පුහුණු වීම වටී",5
100405,"බල සැපයුම විශිෂ්ටයි, වේගවත් ආරෝපණ ලබා දෙයි.",5
100406,හැමදේම සුපිරියටම වැඩ. කුඩා කැටයම් හොඳ පෙනුමක් ලබා දෙයි.,5
100407,භාණ්ඩවල ගුණාත්මකභාවය විස්තරයට අනුරූප වේ. මට විකුණුම්කරු සමඟ කතා කිරීමට උවමනා වුනේ නැත.,5
100408,ඉක්මනින් භාර දෙන ලදී. ගුණාත්මකභාවය විශිෂ්ටයි. මම විකුණුම්කරු නිර්දේශ කරමි.,5
100409,විශිෂ්ට ලෙස රඳවා තබා ගනී. දැන් එය වඩාත් පරිස්සම් වේ.,5
100410,වේගවත් බෙදාහැරීම. හොඳ ඇසුරුම්. ගුණාත්මක නිෂ්පාදනයක්. අලංකාර ආලෝක බලපෑම. එහි ඡායාරූප වලට වඩා හොඳයි. නිෂ්පාදිතය ගැන අපි අතිශයින් සතුටු වෙමු. අපට නිෂ්පාදිතය සහ විකුණුම්කරු නිර්දේශ කළ හැකිය.,5
100411,"දින 16කින් පාර්සලය ආවා. ඉතා ලස්සන රෙදි සහ වර්ණය, විස්තරයට අනුරූප වේ. උස ~ 160 සඳහා ප්‍රමාණය හොඳින් ළගැලපෙ.",5
100412,"බොහෝම ස්තූතියි, එය සම්මතයේ ගුණාත්මක භාවය ඉක්මනින් පැමිණියේය.",5
100413,"ඉතා හොඳ කාර් එකක්. කුඩා, නමුත් ගුණාත්මකභාවය කෙරෙහි බලපාන්නේ නැත. සුපිරි ආලෝකය සහ වේගවත්. දින 10 කින් පැමිණියා. නිර්දේශ කරන්න.",5
100414,"බලාපොරොත්තු වූ දිනට සතියකට කලින් පැමිනියා, විශිෂ්ටයි.",5
100415,"මම එය තෑග්ගක් ලෙස ඇණවුම් කළෙමි, සියල්ල හොඳින් පෙනේ. බෙදා හැරීම වේගවත් වේ, මුදල් සඳහා එය වඩාත් වටී.",5
100416,"හොඳ ප්‍රමාණයේ ඇත, බෝතලයක් අසල ඒවා තබන විට සුළු ආලෝකයක් ලබා දෙන්න.",5
100417,"සෑම දෙයක්ම පරිපූර්ණයි! එය MRW මගින් සතියකට අඩු කාලයකින් පැමිණ ඇත, ගුණාත්මකභාවය සම්පූර්ණ සහ අව්‍යාජ ය. 100% නිර්දේශිතයි.",5
100418,"වේගවත් බෙදාහැරීම, ගුණාත්මකභාවය සහ ඉතා හොඳ නිර්දේශයක්.",5
100419,"ඉතා ඉක්මනින් ආවා, විකුණුම්කරුට ස්තූතියි!",5
100420,වෙළඳ ප්‍රචාරණයට සමාන නිෂ්පාදනයක්. දවස් 26කින් ගෙදර ආවා. විශිෂ්ට විකුණුම්කරුවෙක් !!,5
100421,හොඳ quality එකට තිබ්බා. හොඳ material එකක්.,5
100422,හරිම ලස්සන බෑග් එකක්.,5
100423,සුපිරි අත්බෑගය! පහසුයි! සහ පසුම්බිය දැමීමට ඉතා යෝග්‍යය!,5
100424,මම එයට කැමතියි! මම බලාපොරොත්තු වූවාට වඩා එය විශාලයි. දුරකථනය දැමීමට සම්පූර්ණයෙන්ම ගැලපේ.,5
100425,එහි ඇති මුද්‍රණය ඉතා හොදයි. බොහෝ කාලයක් පවතී යැයි සිතේ.,5
100426,විශිෂ්ටයි!!! හොඳින් ඇසුරුම් කර ඇත. දරුවා හරිම කැමතියි. බොහොම ස්තූතියි. මම එය නිර්දේශ කරමි.,5
100427,"එය ඉතා හුරුබුහුටිය, හොඳ material එකක්! මම එය වෙනස් මෝස්තරයකින් උත්සහ කර බැලුවෙමි.",5
100428,"එය නියමිත වේලාවට පැමිණියේය, ගුණාත්මකභාවය හොඳයි, මැහුම් ඒකාකාරයි, මම නිර්දේශ කරමි",5
100429,"මුද්ද ආවා, නියමිත වේලාවට බෙදා හැරීමක්.",5
100430,"එය ඉක්මනින් ආවා, මම ඇසුරුම් ගලවා ගත්තා.",5
100431,"ඉතා හුරුබුහුටි සහ එය ඡායාරූපයක් මෙන් පෙනේ, මගේ පියයුරු ද හොඳ පෙනුමක් ලබා දෙයි.",5
100432,"හොඳයි වගේ පේනවා, මම තවමත් සවිකර එය පරික්ෂා කර බැලිය යුතුයි.",5
100433,"ඉතා ස්වභාවික කාච සහ ඉතා නම්යශීලී, මම නිර්දේශ කරමි",5
100434,නිෂ්පාදිතය ඇස්තමේන්තු කළ දිනයට පෙර පැමිණ ඇත. මගේ මව එය ගැන සතුටුයි !! නිර්දේශිතයි!!,5
100435,"ලස්සනයි, කියන්න දෙයක් නැහැ, හැම දෙයක්ම හොඳයි.",5
100436,එය ඉතා ලස්සනයි. මට එය හොදින් ගැලපේ.,5
100437,"ඉතා හුරුබුහුටි, නියම ප්රමාණය, මම එය නිර්දේශ කරමි.",5
100438,එය ප්රායෝගිකය සහ භාවිතා කිරීමට පහසුය.,5
100439,අයිතමයේ ගුණාත්මකභාවය ගැන මම විශ්මයට පත් වෙමි,5
100440,"හොඳ නිෂ්පාදනයක්, එය විස්තර කර ඇති පරිදි. එය ඉතා වේගයෙන් පැමිණියේය.",5
100441,"මම හැමදේටම කැමතියි, ස්තූතියි",5
100442,"ඉතා ලස්සන විදුලි පහන්, විශිෂ්ට වර්ග, හොඳ නිෂ්පාදනයක් සහ වේගවත් පැමිණීම සැකයක් නැත.",5
100443,"මම ඉතා තෘප්තිමත්, වේගවත් බෙදාහැරීමක්",5
100444,"මම සම්පූර්ණයෙන්ම නිර්දේශ කරමි, එය ඉතා හුරුබුහුටි සහ ඇත්තෙන්ම සුවපහසුයි.",5
100445,"විශිෂ්ට තත්ත්වයේ, උණුසුම් මේස්.",5
100446,"ඉතා හුරුබුහුටි මම මගේ ශරීර ප්‍රමාණයට පරිපූර්ණව අනුවර්තනය වුණි, ඉතා නිර්දේශිත, රෙදි මෘදුයි මම ගොඩක් කැමතියි.",5
100447,"හරිම ලස්සන ඇඳුමක්! එය පපුවේ තරමක් තදින් ඇති බැවින් ප්‍රමාණය වැඩි කිරීමට පවසන වෙනත් සමාලෝචන මම දුටුවෙමි, එය එසේ කිරීම ගැන මම සතුටු වෙමි! නමුත් මම හිතන්නේ එය පුද්ගලයා මත රඳා පවතී, අනිවාර්යයෙන්ම මම මිලදී ගැනීමට නිර්දේශ කරමි.",5
100448,"සති දෙකක් ඇතුළත මට ලැබුණා. හෙඩ්ෆෝන් ආරෝපණය වී ඇත, බලාපොරොත්තු වූ පරිදි ක්‍රියා කරයි.",5
100449,සති 2 කින් පැමිණීම ඉතා හොඳයි.,5
100204,සෙවාව හොදයි,4
100205,හොද සේවාවක් සපයයි.,4
100206,දුරකථනය බලපොරොත්තු වූ කාලයටම ලබුනි.,4
100207,දුරකථන කවරය හොද ප්‍රමිතියකට නිමවා ඇත.,4
100208,මා බලා පොරොත්තු වූ වෙලද නාමය යටතේම ඇති අයිතම සදාරන මිලට නිවසටම ගෙනත් දෙනු ලබයි,4
100209,හොදයි,4
100210,ඉතා හොදයී,4
100211,හොදයි,4
100212,සදහන් කර තිබූ විස්තර වලට අනුව සියල්ල නිවරදි ආකරයෙන් ඇනවුම තුල තිබුනි. මුදලට ඉතාමත් වටී.,4
100213,භාණ්ඩයේ ත්ත්වයෙන් සෑහීමකට පත්විය හැක.,4
100214,උසස් තත්වයේ කලිසමකි.,4
100215,ලස්සන කට්ටලයක් සහ විකුණුම්කරු ඉක්මනින් කට්ටලය ඒවා ඇත,4
100216,උසස්ම අමුද්‍රව්‍ය වලින් නිමවා ඇත.,4
100217,භාන්ඩ ඇනවුම පිලිබදව තෘප්තිමත්,4
100218,සපත්තු online ගෙන්න ගන්න හොද තැනක්,4
100219,ඇත්තටම මන් පින්තූර වලින් දැක්කට මේ තරම් හොද ඇති කියල හිතුවෙ නැහැ.,4
100220,ඕනම ආකාරයක අදුමක් එකම තැනකින් order කරන්න හොද තැනක්.,4
100221,හරිම ලස්සන teddy කෙනෙක්.,4
100222,ගත්තු ගානටනම් හොදටම වටිනවා. මේ දවස් වල කඩේකට ගිහින් තෝරලා බඩු ගන්න අමරු නිසා දැන්මේ.,4
100223,Order එකනම් හොදටම තිබුනා.,4
100224,හොදම branded අදුම්.,4
100225,ඒ ගානට ගෙදරටම ගෙනත් දෙන එක මාර වටිනවා.,4
100226,හොද sound quality එකක් තියෙනවා.,4
100227,පින්තූර වල වගේම ලස්සනට තියෙනවා. හොද material එකකින් හදල තියෙන්නෙ.,4
100228,"වෙලවටම ආවා. මන් salon එකට බඩු අඩු වෙලා ටක්ගාල order කරේ, මේ කාලේ බඩු අඩු නිසා.",4
100229,හොද තත්වයේ අදුමක්. ගත්ත ගානට වටිනවා.,4
100230,ශෝක් අනේ.,4
100231,පෙනුමනම් හොදටම තියෙනවා. මන් මාර ලස්සනයි.,4
100232,මේකනම් මරු.,4
100233,මේ සෙට් එකනම් පට්ට. පාට ගොඩාරියක් තියෙනවා.,4
100234,සොඋන්ඩ් හොදයි. Bluetoothතුත් තියෙනවා.,4
100235,Package එක පරිස්සමට ලැබුනා. හදන විදිය ගැන description එකකුත් තිබ්බා. responsible විදියට වැඩේ කරනවා.,4
100236,මේකනම් මාර ලස්සනයි. හොද හයියට තියෙනවා.,4
100237,"Finishing නම් මරු, Original එකක් වගේම තියෙනවා.",4
100238,Light levels 3ක් තියෙන නිසා පහසු විදියට use කරන්න පුලුවන්. මාර comfortable.,4
100239,හරිම ලස්සනයි.,4
100240,Sizes ගොඩක් තියෙනවා. හරි ලේසියි order කරන්න.,4
100241,හරිම පහසුවෙන් use කරන්න පුලුවන්.,4
100242,පොඩි උනට ඉඩ තියෙනව බඩු දාන්න.,4
100243,මන් ඇත්තටම කැමතියි මේකට.,4
100244,භාණ්ඩ පැමිණියා විස්තර කර ඇති පරිදි ඇත! ,4
100245,Battery එකනම් පට්ට.,4
100246,"එය බලවත් හා දැඩි, ගුණාත්මක බවින් පෙනේ.",4
100247,හොද එලියක් තියෙමවා. මම කැමතියි ඒකට.,4
100248,Gift එකකටන් ගොඩක් හොදට ගැලපෙනවා.,4
100249,ඇත්තටම හොද service එකක්.,4
100250,විකුනන ගානට බොහොම සාදාරනයි.,4
100251,හොද භාණ්ඩයකි.නමුත් බලාපොරොත්තු වූ දිනට වඩා ගොඩක් පරක්කු වී ලැබුණි.,4
100252,හොද branded පෙනුමක් තියෙනවා.,4
100253,මන් හරි කැමතියි.,4
100254,හොදට plug වෙනවා. මන් කැමතියි මේකට.,4
100255,මන් ආසයි මේකට.,4
100256,මන් හරි කැමතියි මේකට.,4
100257,හොද product එකක්.,4
100258,ප්‍රදර්ශනය කරල තියන පින්තූර වලින් මම තෝරපු එක නෙමෙයු මට ලැබුනෙ.ඒ නිසා මන් කනගාටු වෙනව.,4
100259,හෙඩ්සෙට් ස්වරූපයෙන් සහ එවැනි මුදල් වඩාත්ම තිබේ!,4
100260,භාණ්ඩය ක්‍රමවත් පරිදි අසුරා තිබුන නමුත් භාණ්ඩය නිවසට ලැබීමට දින පහක් ගත විය...ලබා ගත් භාණ්ඩය හොද තත්වයේ පවතී..,4
100261,මෙම හෙඩ් ලයිට් එක ගොඩක් ශක්තිමත්!,4
100262,"විශිෂ්ටයි, ජිම් වැඩිපුරම ජිම් එකට.",4
100263,Material එක හොදයි,4
100264,පටිය ගොඩක් හොදයි.,4
100265,ඉක්මනින් භාන්ඩය ලැබුනා සහ හොඳින් ඇසුරුම් කර ලබා දී තිබෙනවා.,4
100266,"හොඳ නිෂ්පාදනයක්, නමුත් උපදෙස් පතක් නොමැත.",4
100267,Thank you I'm looking this kind of product... thanks again for your service,4
100268,ලස්සනයි. දැන්වීම සහ පින්තූරය ලෙස. මම එයට කැමතියි.,4
100269,මගේ බබාට මාස 7යි. එයාට හොදට ගැලපෙනවා. මන් කැමතියි මේකට.,4
100270,"සැහැල්ලු, සුවපහසු වුවත්, කොපමණ කාලයක් භාවිතා කළ හැකිදැයි බලන්න.",4
100271,"හරියටම මාසයක් ගියා. බහාලුම් බෑගය, Needles, දැලක් බෝලයට අමතරව ලැබුනි. පුතාට ගොඩක් සතුටුයි",4
100272,"නිවැරදිව පැමිණියා, අත්වැසුම් හොඳයි සහ නියම ප්‍රමාණයේ පවතී",4
100273,"බැලූ බැල්මට, තෘප්තිමත්, අනපේක්ෂිත ලෙස ඉක්මනින් පැමිණියා!",4
100274,ඉක්මනින් ආවා. පිළිවෙලට ඇසුරුම් කර තිබුනි.,4
100275,සෙල්ලම් බඩුව අත්තටම නියමයි.,4
100276,"ලස්සන ජෝගුවක්. සැහැල්ලු, කල් පවතින, ස්පර්ශ වනවිට අතට සැහැල්ලුය. මිශ්‍ර ලෝහයකින් සාදා ඇතිදැයි නොදනිමි, නමුත් ටයිටේනියම් වැනි ය.",4
100277,"සියලු දෑ හොදයි වෙළඳ නාමය, material සහ මෝස්තරය යන සියල්ල. එලෙසම දින 10 ක් තුළ ලැබුනා!",4
100278,නියමයි! වතුර බිඳක් වත් ගියේ නැත.,4
100279,වේගයෙන් පැමිණ ඇත. හොඳින් ඇසුරුම් කර ඇත.,4
100280,"ගුණාත්මකභාවය ඉතා හොඳයි, භාණ්ඩ ගැන තෘප්තිමත්.",4
100281,හරියටම ඡායාරූපය ලෙස මම එයට බොහෝ සේ කැමතියි.,4
100282,"ඉක්මනින් ලැබුණු, හොඳින් ඇසුරුම් කර ඇත, මම එය තවම භාවිතා කර නැත.",4
100283,විකුණන්නාට බොහෝම ස්තූතියි. ඇනවුම ලැබුනා.,4
100284,"හොඳයි, මම ඉතාමත් කැමතියි.",4
100285,මගේ දරුවාගේ හිසට පවා ඉතා කුඩායි ... කෙසේ වෙතත් එහි විශිෂ්ට ශබ්ද ඇත!,4
100286,"ඉතා හොඳ නිෂ්පාදනයක්, එක charge එකකින් බැටරිය දවස පුරා පවතී.",4
100287,Oder කරපු ඇදුම ලස්සනයි,4
100288,බලාපොරොත්තු උන විදියට තිබ,4
100289,හා හා වෙනස්ම පෙනුමක් එක් කරා.,4
100290,මනා පෙනුමයි.,4
100291,"සුවපහසු, සැහැල්ලු, පිළිවෙලට. මම sellerව recommend කරමි.",4
100292,"මම සෑහීමකට පත් වෙමි, නිශ්පාදනය ඔවුන්ගේ වෙබ් අඩවියේද දැක්වේ. බල්ලා එයට කැමතියි, හොඳ මිලක් නියම කර ඇත.",4
100293,"එය ඉතා හොඳයි, නමුත් ඔබට දිගු කෙස් තිබේ නම් එය කෙටි ය.",4
100294,උපකරණය gallon 1 ක බෝතලයක් සඳහා ඉතා හොදින් ක්‍රියා කරයි.,4
100295,පාර්සලය ඉක්මනින් පැමිණියා. ඒ සියල්ල හොඳින් ඇසුරුම් කර තිබුනා.,4
100296,විශිෂ්ඨ සේවාවක්,4
100297,"ලස්සන කුඩා නිවසක්, හොඳින් ඇසුරුම් කර තිබුනි, මම එයට කැමතියි.",4
100298,Order කරපු පාට නෙමේ එවපු එකේ තියෙන්නේ. නමුත් අනිත් qualities තියෙනවා.,4
100299,හොදයි,4
100300,හොදයි.,4
100301,සුවපහසුයි. මම එයට කැමතියි.,4
100302,ඉතා පහසියි. රාතියේ ඇදීමට ඉතා සුදුසුයි.,4
100303,"ඇන්දහම අමුතු හැගීමක් දැනේ, ප්‍රමාණයටද හොඳට කැමති ය.",4
100304,පෙනුම හොදයි. නරක නැහැ.,4
100305,Head set එක විශිෂ්ටයි. හැම දෙයක්ම වැඩ. කරුණාකර ඇණවුම් කරන්න.,4
100306,"නිෂ්පාදිතය දැන්වීමේ ආකරයටම ඇත. හොඳින් ඇසුරුම් කර ඇත, ඉක්මනින් පැමිණියා.",4
100307,Lassnai.,4
100308,සාමාන්‍යයෙන් නරක නැත.,4
100309,"හරිම හුරුබුහුටි, , එය ටිකක් පැලදීමට අපහසුයි, නමුත් හරිම හුරුබුහුටියි. මම නිර්දේශ කරනවා!",4
100310,ඉත දැකුම් කලුයි.,4
100311,භාණ්ඩය හොද තත්ත්වයෙන් ලැබුනා ,4
100312,"හොඳ ඇසුරුම් කර ඇත, හානි ඇකොසිවක් නැත! Thank you seller!!",4
100313,"හොඳින් ගැලපෙන, ගුණාත්මක ද්‍රව්‍යමය සහ මෘදු අභ්‍යන්තර කොටසකින් සකසා ඇත.",4
100314,කතුර වේගයෙන් පැමිණියේය. ඇසුරුම් වලට හානියක් නැත. විස්තරයට ගැලපීම.,4
100315,"සෑම දෙයක්ම හොඳින් ක්‍රියාත්මක වන නමුත් සමහර විට App එක හරියට ක්‍රියා නොකරයි, නමුත් එක සමන්යයැයි සිතමි.",4
100316,ඇත්තෙන්ම පුදුම නිෂ්පාදනයක්,4
100317,"අමුතුයි, නමුත් දීප්තිමත්. ඉතා සියුම් මයික්‍රෝ වැලි.",4
100318,"දුරකථනය ලස්සනයි, ඒ වගේම ශබ්දයේ ගුණාත්මක භාවයත් ඉහළයි.",4
100319,නිෂ්පාදන ඡායාරූප වලට අනුකූල වේ. එමම දැන් එය භාවිතා කර බලමි.,4
100320,"පින්තූරයේ මෙන් පවතී, තවමත් භාවිතා කර නැත..නමුත් පෙනුම හොඳයි",4
100321,"මම දෘඩ ප්ලාස්ටික් වෙන්න ඇතිබලාපොරොත්තු වූ නමුත් එය මෘදු රබර් ය, නමුත් එය දිගු කල් පවතිනු ඇතැයි බලාපොරොත්තු වෙමි.",4
100322,බුරුසුව විස්තරයට අනුරූප වේ. බළලා මුලින්ම උනන්දුවක් දැක්වූ අතර දැන් ප්‍රතික්‍රියා නොකරයි.,4
100323,"මම වහිතුවෙ එය ප්ලාස්ටික් වල අඩු දෘඩ (සිලිකොන් වර්ගය) වලින් සාදා ඇති බවයි, නමුත් එය විශිෂ්ටයි!",4
100324,"හොඳයි, මම ඉතා තෘප්තිමත්",4
100325,"හොඳින් ගැලපෙන අතර හොඳින් ඇසුරුම් කළ ඇත, ස්තූතියි.",4
100326,ඉතා හොඳ තත්ත්වයේ ඇත.,4
100327,"හොඳ නිෂ්පාදනයක්, ඉතා හොඳින් නිමවා ඇත.",4
100328,එය පැමිනියා. විස්තරයේ ආකාරයටම ඇත.,4
100329,"ඉතා හොඳ නිෂ්පාදනයක්, සියල්ලම පින්තූර සහ විස්තරය ලෙස.",4
100330,USB ෆ්ලෑෂ් ඩ්‍රයිව් සාධාරණ වේගයකින් ඉතා හොඳින් ක්‍රියා කරයි. හොඳින් ආරක්‍ෂිත පාර්සලයක්. විකුණන්නා විසින් කරන ලද කාර්යය ඇත්තෙන්ම අගය කරන්නව.,4
100331,නිෂ්පාදනයට ඇත්තෙන්ම කැමතියි,4
100332,හොදිනැසුරුම් කර තිබුනි. හොදින් ක්‍රියා කරයි.,4
100333,සිත් ඇදගන්නා ආකාරයෙන් පුදුම කරනව ඇඩුමල්. සති තුනක් බලා සිටීයා.,4
100334,"හොඳ තත්ත්වයේ ඇත, ලස්සන වර්නයකින් නිමවා ඇත.",4
100335,"විස්තරය ගැලපේ. පොදුවේ ගත් කල, එවැනි මිලකට නරක නැත.",4
100336,ඉතා හොඳ නිෂ්පාදනයක් මාව පුදුමයට පත් කළා.,4
100337,"සෑම දෙයක්ම හොඳයි, ඉක්මනින් ලැබුනා.",4
100338,මම නැවත ඇණවුම් කරන්නෙමි! එය මිලදී ගැනීමට බය වෙන්න එපා!,4
100339,"විස්තර කර ඇති පරිදි සෑම දෙයක්ම ඇත, නිෂ්පාදකයාට ස්තූතියි.",4
100340,ඉක්මන් බෙදා හැරීම සමඟ විශිෂ්ට නිෂ්පාදනයක්. විකුණන්නා විශ්වාසදායක වන අතර අනුග්‍රහය සඳහා නිර්දේශ කෙරේ.,4
100341,බඩු ඉක්මනින් ආවා. හොදින් ක්‍රියා කරයි.,4
100342,"සුපිරි, පළමු වතාවට මම ප්‍රමාණයෙන් අනුමාන කළෙමි. මම කිලෝග්‍රෑම් 46 ක්, උස 158 සෙ.මී.",4
100343,ස්තූතියි නිෂ්පාදිතය ගැන මම තෘප්තිමත්,4
100344,එය හරියට ඡායාරූපය වගේ.,4
100345,ඇනවුම ලැබුණි! හැම දෙයක්ම හොදයි. මම භාන්ඩය ගැන තෘප්තිමත්!!!,4
100346,"හොඳ තත්ත්වයේ ඇත, ජලට ඔරොත්තු දෙන ද්‍රව්ය වලින් නිමවා ඇත.",4
100347,සපත්තු හරිම ලස්සනයි. මිලදී ගැනීම ඉතා වටිනවා,4
100348,අවුරුදු 3 ක ගැහැණු ළමයෙකු සඳහා ලස්සන බෑගයක්,4
100349,"හොඳයි! සියලුම මැහුම් ඒකාකාර, ලස්සනයි, සිපර් නිවැරදි ය. විස්තරය සම්පූර්ණයෙන්ම අනුරූප වේ.",4
100350,ඉතා කුඩා මෙය කුඩා තුවායක් වැනි බ්ලැන්කට්ටුවක් නොවේ.,4
100351,තරමක් හොඳ උපකරණයක්,4
100352,උපකරණය ඇනවුම් කල ගුණාත්මක තත්වයේම නොමැත. නමුත් තරමක් දුරට සෑහීමකට පත් විය හැක.,4
100353,ඉතා හොඳින් සාදා ඇත. මෙය නැවත මිලදී ගන්න මම බලාපොරොත්තු වෙමි.,4
100354,"ඉක්මනින් ආවා, සතුටුයි, මම තවමත් ඇණවුම් කරන්නම්, ස්තූතියි",4
100355,"විස්තර කර ඇති පරිදි, මිලදී ගැනීම ඉතා ඉක්මනින් ලැබීම ගැන මම ඉතා සතුටු වෙමි",4
100356,හැම දෙයක්ම සතියකින් ආවා. පෙනුම හොඳයි. බිටු නොවෙනස්ව පැවතුනි.,4
100357,"හොඳ තත්ත්වයේ, නමුත් පියයුරු යටතේ, එය ප්රමාණවත් තරම් තදින් සවි කර ඇත.",4
100358,එය ඉතා ඉක්මනින් පැමිණ ඇත. එය කොපමණ කාලයක් පවතිනු ඇත්දැයි බලමු,4
100359,මේ වෙනකම් හොදට පේනවා. මම එය පැළඳ භාවිත කර බලන්නම්.,4
100360,"බැල්මට හොඳ තත්ත්වයේ ඇත, සේදීමෙන් පසු වෙනසක් වේදැය් බලමු, ඉක්මනින් ලැබුනා.",4
100361,බලාපොරොත්තු වූ පරිදිම අලුත්ම භාණ්ඩයක් පැමිණ ඇත,4
100362,සුලු වෙනස්කම් ඇත්තත් හොඩින් ක්‍රියා කරයි. ස්තුතියි,4
100363,නිෂ්පාදනය කුඩා නමුත් හොඳින් ක්රියා කරයි,4
100364,"පින්තූර බෙදා හැරීම තරමක් මන්දගාමී වන අතර ගුණාත්මකභාවය තරු 4 කි. ස්තූතියි, විකුණුම්කරු",4
100365,ඉක්මනින් පැමිණි අතර එය හොඳම ගුණාත්මක භාවය ඇත.,4
100366,"මම මෙය තෑග්ගක් ලෙස ඇනවුම් කල අතර, තෑග්ග ලැබුණු පුද්ගලයා ඉතා තෘප්තිමත් විය. විශිෂ්ටයි.",4
100367,මිලට වටිනා හොඳ නිෂ්පාදනයක් සහ එය නිසි ලෙස ක්‍රියා කරයි.,4
100368,"නිවැරදිව මැන බැලිය හැක, සියල්ල හොදින් ක්‍රියා කරයි.",4
100369,ෆොටෝ එකේ විදිහටම තියෙනවා..,4
100370,ගොඩක් වේගෙන් ආවත් බැටරියත් දැම්මා නම් ගොඩක් හොදයි මොකද වැඩද නැද්ද දන්නේ නෑ.,4
100371,"අවසාන වශයෙන් මට එය ලබුනි. එය ලස්සනයි මගේ මෙවලම, එය ඉතා සුවපහසු කුඩා සහ අනුවර්තනය වීමට කැමතියි.",4
100372,ඉතා ලස්සන යතුරු පුවරුව! ආලෝකකරණ ආකෘති ස්වයංක්රීයව වෙනස් වේ. ඔබට එය වෙනස් කළ නොහැක.,4
100373,"ඉතා හොඳ කමිසයක්, තදය, සිරිරේ හැඩය හොදින් පෙනේ.",4
100374,හොඳ නිෂ්පාදනයක් සහ එය අදුරේ දිලිසෙන බැවින් සොයා ගැනිමටද ඉතා පහසුය.,4
100375,"ඉතා හොඳ තත්ත්වයේ, ඉතා ලාභදායී සහ හොද නිෂ්පාදනයක්. ඉතා වේගයෙන් පැමිණියේය",4
100376,"එය අතට හොඳින් දැනෙනවා, මම මෙම Tempered එක නිර්දේශ කරමි.",4
100377,මම දැන් සතියක් තිස්සේ එය පැළඳ සිටීමි. එය හොඳයි.,4
100378,"පරිපූර්ණයි, විස්තරයට ගැලපේ. ලස්සනයි.",4
100379,විශිෂ්ට නිෂ්පාදනයක්. මම USB හෝ බැටරි මගින් එය බල ගැන්වීමට තෝරා ගැනීමට කැමතියි.,4
100380,ස්තුතියි කියපු විදියටම ආවා,4
100381,"වර්ණය හොඳයි, රෙදි වෙනුවට පිරිසිදු ප්ලාස්ටික් යොදා නිමවා ඇත ",4
100382,Excellent,4
100383,හොදයි,4
100384,හොද භාණ්ඩයක් නමුත් quality එක දෙන මුදලට මදි,4
100385,මගේ ඇණවුම ඉතා ඉක්මනින් පැමිණියේය. නිෂ්පාදිතය විස්තර කර ඇති දේ සපුරාලයි.,4
100386,බාන්ඩ ලබා ගන්නෙ nh,4
100387,Thwa knktath kuynna puluwan ema pilibdawa,4
100388,ලස්සනයි,4
100389,"ඉයර්ෆෝන් නියමයි, සද්දේ ටිකක් අඩුයි ඒත් කොලිටි එක හොඳයි. නිෂ්පාදනය සමඟ සෑහීමකට පත්වේ",4
100390,"හොඳින් ගැලපේ, ගෘහස්ථ සහ එළිමහන් එකම වර්ණය සහ තරමක් අඳුරු (නිෂ්පාදන විස්තර පින්තූරයේ මෙන් නොව) නමුත් හොඳයි",4
100391,"එය ඉක්මනින් ආවා, හොඳින් ඇසුරුම් කර ඇත. අපි තවම පරීක්ෂා කර බැලුවේ නැත.",4
100392,"විකුණන්නා පාර්සලය හොඳින් ඇසුරුම් කිරීමට උත්සාහ කළත්, භාණ්ඩ පැමිණියේ අලාභහානි සහිතවය.",4
100393,"මම හිතුවා ඒක වැඩි වෙයි කියලා, නමුත් මම හිතන්නේ ඒක කමක් නැහැ, හොඳ නිෂ්පාදනයක් මම බොහෝ විට නැවත ඇණවුම් කරන්නම්",4
100394,ඉතා ඉක්මනින් හා විශිෂ්ට තත්ත්වයෙන් පැමිණ ඇත,4
100395,ඇලිස් (ඇප්) ඇතුළුව සෑම දෙයක්ම ක්‍රියා කරයි.,4
100396,නිෂ්පාදිතය තරමක් සරල නමුත් එය එහි කාර්යය ඉටු කරයි.,4
100397,නිෂ්පාදනය ගුණාත්මක වේ. වේගයෙන් බෙදා හැරීමක්.,4
100398,මම බඩු ටික හරියට ගත්තා. බොහොම ස්තූතියි.,4
100399,අදහස් කළ පරිදි කුඩා. සහ 44mm පටි සඳහා කෙටි හා පටු දෙයක්.,4
100400,හැමදේම වෙලාවට ආවා. ඔයාට ස්තූතියි.,4
100401,"විස්තර කර ඇති පරිදි. මම තවමත් එය උත්සාහ කර නැත, නමුත් එය ඉතා හොඳ තත්ත්වයේ පෙනේ. මම පසුව අදහස් යාවත්කාලීන කරමි.",4
100402,"පින්තූරයේ පෙනෙන පරිදි, ඉතා හොඳයි, මම එයට කැමතියි.",4
100403,"හොඳ තත්ත්වයේ නිෂ්පාදනයක්, වේගවත් ආරෝපණය සාමාන්‍යයෙන් ක්‍රියා කරයි. වේගවත් බෙදා හැරීම, මිලදී ගැනීමට බය වෙන්න එපා.",4
100404,"බඩු ආවේ නෑ, සල්ලි ආපහු ආවා",4
100405,"හොඳින් ක්‍රියා කරයි, නමුත් චාජර් බලය විස්තරයට වඩා අඩුය.",4
100406,විස්තරයට අනුකූලයි. එය විනාඩි 30 ක් අඛණ්ඩව භාවිතා කළ හැකිය.,4
100407,"නරක නැත, නමුත් ඡායාරූපයේ වර්ණයෙන් ටිකක් වෙනස්. සියල්ල දම් පාටයි.",4
100408,"ගුණාත්මකභාවය, මුලින්ම බැලූ බැල්මට හොඳයි.",4
100409,සති දෙකකින් නිවසටම ලැබුනි. ගුණාත්මකභාවය හොදයි.,4
100410,"පෙනුම හොඳයි. අඳුරු ආලෝකයක් ලබා දෙයි. ආලෝකය සමඟ, කාච වීදුරුව ටිකක් අපිරිසිදු බව පෙනේ.",4
100411,"හොඳ ලෙග්ගින්ග්ස්, නමුත් රෙදි තව වඩාත් මෘදු වේ යැයි බලාපොරොත්තු විය.",4
100412,"ගුණාත්මක බව සාමාන්‍ය, පරිපූර්ණ නොවේ. අමතර මුදල් තිබේ නම් ඔබට මිලදී ගත හැකිය.",4
100413,"එය පරිපූර්ණව පැමිණ ඇත, ඔබට බොහෝම ස්තූතියි!",4
100414,"මට භාණ්ඩ ලැබුණේ නැත, විකුණුම්කරු ඉක්මනින් මුදල් ආපසු ලබා දුන්නේය.",4
100415,"සෑම දෙයක්ම විස්තරයට අනුරූප වේ, සියල්ල ක්රියා කරයි. අපි පෑනට කැමතියි. දරුවා භාවිතා කිරීමට පහසුයි.",4
100416,හුරුබුහුටි ගල් හොඳ ආලෝකයක් ලබා දෙයි. තරමක් කුඩා ය.,4
100417,"ඒවා හොඳ පෙනුමට තිබුනි, බෙදා හැරීම ඉතා වේගවත්, මිලදී ගැනීම ගැන සතුටුයි.",4
100418,"නිසි ලෙස ක්‍රියා කරන හොඳ නිෂ්පාදනයක්. අවාසිය නම් ප්ලග් එක ලිහිල් වන අතර හොඳින් රඳවා නොගනී, එසේ නොමැතිනම් මම තරු 5 ක් දමන්නෙමි.",4
100419,"කෑලි 60 ක් ඇණවුම් කළා. ඔබ එය භාවිතා කරන ආකාරය පිළිබඳව යම් උපදෙස් ලබා දෙන්නේ නම්, මම ඔබව ඇත්තෙන්ම අගය කරමි.",4
100420,මම බලාපොරොත්තු වූවාට වඩා තරමක් කුඩාය. තනිවම ජීවත් වන ගැහැණු ළමයෙකුට ප්රසන්න තෑග්ගක් වනු ඇතැයි මම බලාපොරොත්තු වෙමි.,4
100421,Specification වල තිබ්බ material ekama තිබුණා.,4
100422,එය ලස්සන වන අතර හොඳින් නිම කර ඇත,4
100423,මිලට සාපේක්ෂව හොඳ තත්ත්වයේ ඇත.,4
100424, ලස්සන සහ සුවපහසු අයිතමයක් ,4
100425,"T-shirts එක සරලයි ලස්සනයි., පොදුවේ, සියල්ල හරි ය",4
100426,"මම ඇත්තටම ඒකට කැමති වුණා. එහි වර්ණ කිහිපයක් ඇත, ඒවා තනිවම වෙනස් වේ, නැතහොත් ඔබට අවශ්‍ය නම් ඔබට එය නිවැරදි කළ හැකිය. එය USB කේබලයක් සමඟ පැමිණේ.",4
100427,"ලස්සන කමිසයක්, මිල අඩු නිසා මම බලාපොරොත්තු නොවන තරම් හොද මට්ටමක ද්‍රව්‍ය ඇත්යිතේය. මම එයට කැමතියි සහ මම එය නිර්දේශ කරමි!",4
100428,ඒක හොඳයි. ඔබට ස්තුතියි,4
100429,"ඡායාරූපය මෙන්, එය ශරීර උෂ්ණත්වය සලකුණු කරයි. ලස්සනට",4
100430,එය හොඳයි සහ උණුසුම්ය.,4
100431,"පරිපූර්ණ, පින්තූරයේ මෙන්.",4
100432,"නරක ලෙස ඇසුරුම් කර නැත, මම පසුව පරීක්ෂා කරමි",4
100433,"ඒවා හොඳ පෙනුමක්, මම ඒවා පැළඳීමට උත්සාහ කරමි",4
100434,එය හොඳ තත්ත්වයේ ඇති බව පෙනේ.,4
100435,එය ලස්සනයි සහ ඇත්තෙන්ම මෘදු බවක් දැනෙනවා ... එය වටිනවා.,4
100436,මම ඒකට ගොඩක් කැමතියි.,4
100437,"ගුණාත්මකභාවය හොඳයි, මම එය නිර්දේශ කරමි. ඡායාරූපයෙහි මෙන් වර්ණය දීප්තිමත් ය",4
100438,"ඡායාරූපයෙහි මෙන් ඉතා හොඳ තත්ත්වයේ ඇත, එය එහි කාර්යය සපුරාලයි.",4
100439,එය හොඳ තත්ත්වයේ ඇත. මම නිර්දේශ කරමි,4
100440,විස්තරයේ ආකාරයටම තිබුණි.,4
100441,එය ඇදගෙන හොඳයි වාඩි වෙන්න පුලුවන්. ප්‍රමාණයට ගැලපේ. ටිකක් තදයි.,4
100442,හොද නිශ්පාදනයක්. හොදින් ක්‍රියා කරයි.,4
100443,හොදයි. පෝර්ට් 4රම ක්‍රියා කරන විටද රත් නොවේ.,4
100444,එය ලස්සනයි. ඇත්තටම හුරුබුහුටියි.,4
100445,මම ගුණාත්මකභාවය ගැන සෑහීමකට පත්වෙමි,4
100446,"මම මේ ගැන සතුටුයි, එය ඇත්තෙන්ම සුවපහසු සහ හුරුබුහුටියි.",4
100447,ඉතා හුරුබුහුටි සහ මෘදු රෙද්දකින් නිමවා ඇත.,4
100448,හේඩ්ෆොර්න් ලැබුනා. තත්වය එම මිලට සාපේක්ශව හොදයි.,4
100449,කවරය සුපිරි. මම එහි වර්ණයට කැමතියි.,4
100204,වගකිම සහ සෙවාව හොදයි. නමුත් භන්ඩය නියමිත වටිනකමට වඩ මිලෙන් වඩිය.,3
100205,හොද සේවාවක් සපයයි. නමුත් බලපොරොත්තු වූ දිනට භන්ඩය ලබුනේ නැත.,3
100206,දුරකථනය බලපොරොත්තු වූ කාලයටම ලබුනි. නමුත් පරිභෝගික සේවාව ගැන සතුටු විය නොහැක.,3
100207,දුරකථන කවරය ඉතා හොද ප්‍රමිතියකට නිමවා ඇත. නමුත් මා බලාපොරොත්තු වූ වර්නය මෙය නොවේ.,3
100208,මා බලා පොරොත්තු වූ වෙලද නාමය යටතේම ඇති අයිතම ඉතාමත් සදාරන මිලට නිවසටම ගෙනත් දෙනු ලබයි. නමුත් භාන්ඩ ලබීමට ගතවන කාලය පිලිබදව සතුටු විය නොහැක.,3
100209,මධ්‍යස්ත ස්වභාවය,3
100210,මධ්‍යස්ත ස්වභාවය,3
100211,මධ්‍යස්ත ස්වභාවය,3
100212,සදහන් කර තිබූ විස්තර වලට අනුව සියල්ල නිවරදි ආකරයෙන් ඇනවුම තුල තිබුනි. මුදලට ඉතාමත් වටී. නමුත් ක්‍රියාකිරීම පිලිබදව තෘප්තිමත් විය නොහැක.,3
100213,භාණ්ඩය සාමාන්‍ය ත්ත්වයේ පවතී.භාවිතය ගත හැක.,3
100214,ඉතාමත් උසස් තත්වයේ කලිසමකි.නමුත් නියමිත දිනට ලැබුනෙනම් නැත.,3
100215,ටිකක් කුඩා! එය හොඳයි නමුත් ඔබ සාමාන්‍යයෙන් අඳින ප්‍රමාණයට වඩා විශාල ප්‍රමාණයේ ඇදුමක් ඇණවුම් කරන්න.,3
100216,උසස්ම අමුද්‍රව්‍ය වලින් නිමවා ඇත. මම ගොඩක් සතුටුයි මෙම සපත්තු යුගල ඇනවුම් කරාට. නමුත් මෙම වෙබ් අඩවියේ පාරිභොගික සේවාව පිලිබදව සතුටු විය නොහැක.,3
100217,භාන්ඩය හොද තත්වෙක තිබුනා. ඒත් ලබා ගන්න කල් ගියා.,3
100218,සපත්තු online ගෙන්න ගන්න හොද තැනක්. නමුත් tracking පිලිබදව විස්තර ගන්න අමරු වුනා මට.,3
100219,ඉතා හොද ලොcක් එකක් තියෙනවා. ඒත් leather එක ගැනනම් සතුටු වෙන්න බැහැ.,3
100220,ඕනම ආකාරයක අදුමක් එකම තැනකින් order කරන්න හොද තැනක්. නමුත් customer care එකනම් මදි.,3
100221,හරිම ලස්සන ටෙඩ්ඩ්ය් කෙනෙක්. ඒත් මෙයාලගෙ packing system එක තව quality උනානම් තවත් හොදයි.,3
100222,ගත්තු ගානටනම් හොදටම වටිනවා. මේ දවස් වල කඩේකට ගිහින් තෝරලා බඩු ගන්න අමරු නිසා දැන්මේ. Order එක ලැබෙන්න දවස් දෙකක් පරක්කු උනත් customer care එකෙන් ඒක shape කරා.,3
100223,Order එකනම් හොදටම තිබුනා. Customize කරල ගන්න පුලුවන්නම් මරු.,3
100224,Order එක දාපු ගමන් ටක්ගාල ආවා. ඒත් ඇදුමෙ sizes discretion එකේ තිබ්බ විදියට නැහැ.,3
100225,ඒ ගානට ගෙදරටම ගෙනත් දෙන එක මාර වටිනවා. ඒත් delivery වලටනම් කියනවට වඩා කල් ගියා.,3
100226,හොද sound quality එකක් තියෙනවා. ඒත් හැම phone එකටම හොදට plug වෙන් නැහැ.,3
100227,පින්තූර වල වගේම ලස්සනට තියෙනවා. Material එකනම් sure නැහැ ඒත්.,3
100228,"වෙලවටම ආවා. මන් salon එකට බඩු අඩු වෙලා ටක්ගාල order කරේ, මේ කාලේ බඩු අඩු නිසා. මේවගේ වෙලාවකටම මාරම වටිනවා. හැබැයි ගානනම් ටිකක් වැඩියි.",3
100229,හොද තත්වයේ අදුමක්. ගත්ත ගානට වටිනවා. හැබයි branded එකක්නම් නෙවේ.,3
100230,ශෝක් අනේ. තව ලස්සන පාට ටිකක් තිබ්බනම් හොදයි.,3
100231,පෙනුමනම් හොදටම තියෙනවා. මන් මාර ලස්සනයි. ඒත් දෙපරක්වත් use කරන්න අමරුයි.,3
100232,මේකනම් මරු. Color patterns ගොඩක් තියෙනවා. මන් කැමතියි. ඒත් remote එක හරියට වැඩ නැහැ වගේ.,3
100233,මේ සෙට් එකනම් පට්ට. පාට ගොඩාරියක් තියෙනවා. වෙලාවට බඩුත් ආව නම් තවත් හොදයි.,3
100234,සොඋන්ඩ් හොදයි. Bluetoothතුත් තියෙනවා.Battery තමා මදි.,3
100235,Package එක පරිස්සමට ලැබුනා. Order කරල දවසක් ඇතුලත ආවා. හදන විදිය ගැන advises ටිකකුත් තිබ්බනම් තවත් හොදයි.,3
100236,මේකනම් මාර ලස්සනයි. හොද හයියට තියෙනවා. Stick එකේ lock එකනම් sure මදි.,3
100237,"Finishing නම් මරු, Original එකක් වගේම තියෙනවා. Sound quality එකනම් ටිකක් මදි.",3
100238,Light levels 3ක් තියෙන නිසා පහසු විදියට use කරන්න පුලුවන්. Handle එක flexible මදි.,3
100239,හරිම ලස්සනයි. ඒ වගේම මාරම සැහැල්ලුයි ඇගටත්. ඒත් පොඩි damages තියෙනවා.,3
100240,හරිම ලස්සන design එකක්. මන් ගොඩක් ආසයි මේකට. Sizes range එක තව ටිකක් expand උනානම් මරු.,3
100241,හරිම පහසුවෙන් use කරන්න පුලුවන්. Hidden pocket එකකුත් තිබ්බනම් හොදයි.,3
100242,පොඩි උනට ඉඩ තියෙනව බඩු දාන්න. Main shipper එකනම් අවුල්.,3
100243,හරිම පහසුයි. Free sizes ඕන කෙනෙක්ට පහසුවෙන් use කරන්න පුලුවන්. හැබැයි ප්‍රින්ට් එකනම් sure නැහැ.,3
100244,භාණ්ඩය මා බලාපොරොත්තු වූ දිනට පෙර නිවසට ලැබුනත් එය ඇසිරීම පිලිබදව තෘප්තිමත් වීමට නොහැකී..භාණ්ඩය නිසි ලෙස අසුරා නොතිබූ හෙයින් එය මා හට ලැබෙන විටත් එයට හානි වී තිබුනි.,3
100245,Battery එකනම් පට්ට. ඒත් package එකනම් damage වෙලා තිබුනා.,3
100246,"ඇණවුම 08/20 දින තැබූ අතර මට එය 08/26 දින ලැබුණි. ගත වූයේ දින හයක් පමණි. පටිය ඉතා හොඳින් ගැලපේ. එය බලවත් හා දැඩි, ගුණාත්මක බවින් පෙනේ.",3
100247,හොද එලියක් තියෙමවා. මම කැමතියි ඒකට. ඒත් guide-line එකේ විදියට නෙවේ සෙට් කරන්න තියෙන්නෙ.,3
100248,Gift එකකටන් ගොඩක් හොදට ගැලපෙනවා. Package එක wrap කරලම ගන්න option එකක් තිබුනනම් වටිනවා.,3
100249,ඇත්තටම හොද service එකක්. හොද communication method එකකුත් තිබුනනම් වටිනවා.,3
100250,භාන්ඩය ලැබීමට දින දෙකක් ප්‍රමාද වුනත් විකුණන ගානට බොහොම සාදාරනයි. ඉතාමත් හොද භාන්ඩයක්.,3
100251,භාණ්ඩය තරමක් හොද තත්වයෙන් පවතී,3
100252,හොද branded පෙනුමක් තියෙනවා. පටියනම් හොද මදි.,3
100253,හොද හයිය leather එකකින් හදල තියෙන්නෙ. ඒත් මන් කිව්ව විදියට නෙවේ punch කෑඅල තියෙන්නෙ.,3
100254,හොදට plug වෙනවා. ඒත් charge වෙන්න වෙලා යනවා.,3
100255,"ඇහැට සැහැල්ලුයි, ඒත් frame එකනම් ටිකක් අවුල්.",3
100256,හරිම ලස්සන පාට සෙට් එකක්කම තියෙනවා. ඒත් මාරු කරන්න ටිකක් විතර අමරුයි.,3
100257,හොද ප්‍රොඩුcට් එකක්. වෙලාවට ආවෙනම් නැහැ.,3
100258,මට බාන්ඩය ලැබුන.ස්තූතියි,3
100259,"නියමයි !!! Advice !!! ඇත්තෙන්ම සංගීතයට සවන් දීමට බාස් ප්‍රමාණවත් නැත, නමුත් හෙඩ්සෙට් ස්වරූපයෙන් සහ එවැනි මුදල් වඩාත්ම තිබේ! Advice !!!",3
100260,භාණ්ඩය හොද තත්වයේ පවතී...ස්තූතිය..,3
100261,"පොදුවේ ගත් කල, එය හොඳින් ඇසුරුම් කර තිබුණි, මම seller recommend කරමි!",3
100262,"මෙම විකුණුම්කරුගෙන් දෙවන ඇණවුම. සෑම දෙයක්ම හොඳයි. ටිකක් කල් ගියා මේ පාර එන්න, නමුත් ඒක shipping method එක මත.",3
100263,ඇසුරුම ආරක්ෂිත මදී,3
100264,නිෂ්පාදනය හොඳින් සාදන ලද නමුත් XXL ප්‍රමාණය ඉතා සුදුසු යැයි සිතූ නමුත් එය ප්‍රමානයෙන් කුඩාය. මිලදී ගැනීමට පෙර අනිත් අයගෙන් අසන්න.,3
100265,"නිෂ්පාදිතය ඉතා ඉක්මණින් ආව, දින 7 ක් තුල, සෙරෙප්පු වල ඇතුල උණුසුම්, බබාව සීතලින් ආරක්ශ කර ගැනිමට ගැලපී. නමුත් වැඩිපුර ඇවිදින ලමයින්ටනම් ගැලපෙන් නැහැ. අඩිය ගොඩක් තුනියි.",3
100266,"හොඳයි, නමුත් එය baby carrier එකක් නෙවේ.",3
100267,"Thank you, but I have a suggestion to modernize the product...",3
100268,මම මෙය ඇද සුවපහහසුවෙන් සිටිමි. නමුත් ඡායාරූපයෙහි ඇති වර්‍ණය තරම් මෙහි වර්නය ලස්සන නොමැති වීමකණගාටුවට කරුණකි.,3
100269,ඉතා හුරුබුහුටි නමුත් උනුසුම් දින සඳහා තරමක් නොගැලපේ.,3
100270,"ගුනාත්මක භාවය හොදයි, නමුත් එම මිලනම් හොදටම වැඩියි.",3
100271,Needles මෙම බෝලයට ලැබුන නමුත් එය බෝලයට නොගැලපේ.,3
100272,"අත්වැසුම් සිසිල්ය, නමුත් S ප්‍රමාණයෙන් යුක්ත වුවද එය තරමක් විශාල ය.",3
100273,මරු! ඒත්! මේස් වැනි මෘදු පතුල. තවද එය වඩා විශාල නම් හොදයි. තරමක් විශාල ප්‍රමානයක් නැද්ද?,3
100274,"කාඩ්පත් හොඳයි, නමුත් ඉතා ඉක්මනින් කැඩෙන සුලුයි.",3
100275,භාන්ඩය ලැබුණු අතර සියල්ල නිවැරදි ය. නමුත් මම එය තවම පරීක්‍ෂා කරේ නැත.,3
100276,"මම 450Mළ් ඇණවුම් කළා. හොඳ ප්‍රමාණය, ඝන ලෙස පෙනේ. එය හරිම සැහැල්ලුයි.",3
100277,මගේ ඇණවුම ලැබීමට කල් ගිය නමුත් එය ගුණාත්මක නිෂ්පාදනක් වීම ගැන ඉතා සතුටුයි,3
100278,"තවමත් උත්සාහ කර නැහැ, නමුත් කමක් නැහැ! හොදයි කියල හිතනවා.",3
100279,මම සිතනවාට වඩා කුඩා නමුත් එය හරිම ලස්සනයි.,3
100280,"හොඳ නිෂ්පාදනයක්, නමුත් තුනී වැඩි බවක් පෙනේ.",3
100281,"ප්‍රමානය තරමක් විශාලය, නමුත් ඉක්මනින් පැමිනියා.",3
100282,මම මෙය භාවිතා කිරීමට කැමතියි. හොද comments බොහොමයක් ඇති නිසා බය නැතිව order කරමි. නමුත් තවම ලැබුනේ නැත.,3
100283,"ලෝහය ඉතා හොද සවිමත් එකක් නමුත්, තුඩ තියුනු මදිය.",3
100284,වඩා හොදින් පෙනීමට ස්ථර දෙකක් ආලේප කල යුතුය.,3
100285,"හෙඩ්ෆෝන් පින්තූරයට අනුරූප වේ, සුව පහසුව පැලදීමටද හැකිය, ශබ්දයනම් අන්තිමයි, හරියට බැරල් එකක් වගේ.",3
100286,"නරක නැත, එය පුදුමයක් නොවේ,සමාන්ය තත්වයේ පවතී.",3
100287,මම හිතුවා වගේ හොදට තිබුණා ඇදුම,3
100288,Bag එක quality උනත් දාලා තිබුන sizes වෙනස්,3
100289,හොද ආලෝකයක් ඇති නමුත් හරියට රැදවෙන්නෙ නැහැ.,3
100290,හොදින් කැපෙන නමුත් ප්‍රමානයෙන් විශාලයි. හරියට දාගන්න අමාරුයි.,3
100291,"විස්තර කර ඇති පරිදි, සංවේදකය ක්‍රියාත්මක කරන්නේ කෙසේදැයි නොතේරුණි. එය කොපමණ කාලයක් එක ආරූපනයකින් භාවිතා කල හැකිදැයි බලමු. සුවපහසු, සැහැල්ලු, පිළිවෙලට. මම sellerව recommend කරමි.",3
100292,"ඉතා හොද නිමාවක් ඇති අතර, ප්‍රමානයෙන් විශාල බල්ලන් සදහා නොසෑහේ.",3
100293,මම සිතුවේ එය පෙනුම මෙන්ම නිමවා ඇති රෙද්දත් ඉතා හොද ඇතැයි කියායි! එය භාවිතා කළ හැකි යැයි බලාපොරොත්තු වෙමි,3
100294,ප්‍රයෝජනවත් නමුත් බෝතලයේ කටට හරියට නොගැලපෙන අතර එමඟින් ක්‍රියා කිරීමට භාදා ඇති වේ.,3
100295,ඉත හොද ආලෝකයක් තිබුනත් stand එක ශක්තිමත් මදි.,3
100296,"පාර්සලය හොඳ තත්ත්වයේ පැවතුණි, ලැබීමට මාසයකට වඩා වැඩි කාලයක් ගියේය.",3
100297,"සෙල්ලම් බඩුව නිර්මානය කිරීම ඉතාමත් අපහසු කාරනයකි, නමුත් මම එයට කැමත්යි.",3
100298,Product එක නරකමත් නෑ. ඒත් Product එක නියම දිනට ලැබුණේ නැහැ,3
100299,ඒ ගානට වටිනවා,3
100300,Quality මදි. ලබා ගන්න කල් ගියා.,3
100301,ටිකක් අමුතු පෙනුමක් ඇති කාන්තා මේස් වර්ගයක්. නමුත් මම කැමතියි.,3
100302,"ටී-ෂර්ට් හොඳයි, ද්‍රව්‍ය ප්‍රසන්න, හොඳින් ඇසුරුම් කර ඇත. නමුත් ඉතා කුඩා බැවින් තරමක් තදයි.",3
100303,"ලැබීමට කල් ගියා, ඇදගෙන වැඩ කිරීම පහසුයි.",3
100304,අතට හොදට දැනෙනවා. නමුත් යතුරේ ප්‍රමාණය නම් ටිකක් ලොකුයි.,3
100305,ශබ්දය හොඳයි. නමුත් එවැනි මිලකට එය නොවටී.,3
100306,ඇනවුම ලැබුනා. මම තවම පරීක්‍ෂා කරේ නැත.,3
100307,Aduma hodai. Namuth mt oni una colour eka newei.,3
100308,"පසුම්බිය නරක නැත, නමුත් මැසීම එතරම් හොද නොවේ, එම මිලට නොවටී.",3
100309,ලස්සනයි. හොඳ තත්වයේ ඇත.,3
100310,අංකය එතරම් දීප්තියක් නැති නමුත් ලස්සන එකක්.,3
100311,භාණ්ඩය හොද තත්ත්වයෙන් ලැබුනා නමුත් ලොකු කාලයක් බලන් ඉන්න වුනා ලැබෙන්න,3
100312,දුරකතනය හොදින් සවි වේ.,3
100313,"පින්තූරයේ මෙන්, පරිපූර්ණ හා බොහෝ දේ ආරක්ෂා කරයි.",3
100314,මම ඇනවුම් කල වර්නය නොවේ. නමුත් ඉත හොදින් ක්‍රියා කරයි.,3
100315,"ඡායාරූපයේ මෙන් මම සිතුවේ ඒවා වර්‍ණ ආලෝකය බව, නමුත් ඒවා සුදු ය. කෙසේ වෙතත් එය හොදින් ක්‍රියා කරයි.",3
100316,Water proof නොවන අතර ඉතා බිඳෙන සුළු හා කුඩාය නමුත් වැඩ කරයි.,3
100317,ඇසුරුම් වෙනස් වන අතර ටිකක් කුඩා පෙනුමක් ඇත.,3
100318,"සාමාන්ය වේගය පැමිණියා. මිල සඳහා වටී, ඉතා හොඳන් ක්‍රියත්මක වේ. නිෂ්පාදන ද්‍රව්‍ය තරමක් අඩු ගුණාත්මක බවින් යුක්තයි. වයර් තරමක් සිහින් ය.",3
100319,ඉක්මනින් ලැබුනු අතර sensor එක හරියට වැඩ කරන්නේ නැත.,3
100320,"දුරස්ථ පාලක දෙකක් තැබීම ලොකු යැයි මා සිතුවෙමි, නමුත් එය එසේ නොවේ.",3
100321,මිල අධික නමුත් හොඳයි.,3
100322,"මට තරු 5 ක් දැමිය හැකි නමුත් එය එසේ නොවේ, නිෂ්පාදිතය ඇත්තෙන්ම හොඳයි, මගේ පූසා ආදරෙයි.",3
100323,එය වේගයෙන් පැමිණි නමුත් ප්ලාස්ටික් නිමාව තරමක් නරක ය.,3
100324,හොඳ Mask එකක්. වැඩ කිරීමට මම ඒවා භාවිතා කරන්නෙමි!,3
100325,කැඩපතෙහි පතුලේ එක් කොටසක ඉරිතලා ඇති දෙකක් තිබේ.,3
100326,"පැමිණීමට කාලයක් ගත වේ, නමුත් ඡායාරූපයෙහි ඇති ආකාරයටම පවතී. විකිණුම්කරු සමඟ හොඳ සන්නිවේදනයක් සිදු කල හැක.",3
100327,මම සීඩී තැටියක් සවි කළ උපාංගයක් ඇණවුම් කළ නමුත් මර ලැබුනේ දුරකථන රැදවුමකි.,3
100328,"මම එයට කැමතියි, නමුත් එය ටිකක් කුඩා ය.",3
100329,"භාන්ඩය ඉතා හොදයි, නමුත් සවිකිරීමට අපහසුයි.",3
100330,මගේ ඇණවුම මට නොලැබුනත් ඔවුන් මගේ මුදල් ආපසු ලබා දුන්නා.,3
100331,"හොඳ තත්ත්වයේ ඇත, නමුත් මම හිතුවාට වඩා එය අඩුයි. විකුණන්නා එය ඉතා ඉක්මනින් යැව්වේය.",3
100332,ලස්සන key board එක. හැම දෙයක්ම වැඩ. දැල්වෙන ආලෝකකරණ ක්‍රම රාශියක් ඇති නමුත් වර්නයන් නිවැරදිව මෙය මෙහෙයවන ආකරය පැහැදිලි මදිය.,3
100333,උස මහත අයට ඉතා හොදින් ගැලපේ. කෙට්ටු අයට තරමක් නොගැලපේ.,3
100334,"ලස්සනයි, නමුත් එම මුදලට නොවටී.",3
100335,"ඡායාරූපයෙහි මා දකින වර්‍ණය සමාන නොවීය! කෙසේ වෙතත්, ඉක්මනින් බෙදා හැරීම ගැන විකුණුම්කරුට ස්තූතියි! රෙදි සිහින් සැටින් ලස්සනයි!",3
100336,"නිෂ්පාදනයට බබා කැමතියි, නමුත් ටික දවසකින් එය කළු විය.",3
100337,"කවරය ලැබුන. ඉතා හොදයි, එකම දුර්වල කම magnet එක ඇලෙනව මදි.",3
100338,මම සිතූ තරම් දීප්තිමත් නොවන නමුත් හොඳ තත්ත්වයේ ඇත.,3
100339,එම මිලට නොවටී.,3
100340,හොඳම නිෂ්පාදනය සහ වේගවත් නැව්ගත කිරීම. මම විකිණුම්කරු නිර්දේශ කරමි. ඔබට ස්තුතියි,3
100341,චුම්භකය තරමක් දුරුවල නමුත් එය හොදින් ක්‍රියා කරයි.,3
100342,සුපිරි පිහිනුම් ඇඳුම් කට්ටලයක්. මගෙ ඇගේ ප්‍රමනය XS ය. නමුත් S ප්‍රමනය ඇනවුම් කිරීම පිලබදව මා ටිකක් ලොකු පසුතැවීමක් ඇති විය.,3
100343,"හොද නිශ්පාදනයක්, නමුත් ලැබීමට කල් ගියා.",3
100344,ගුණාත්මකභාවය සාමාන්‍යයි. එය ඉතා ලාභදායී ලෙස පෙනේ.,3
100345,"ඉතා හොඳ ආසන කවරයක්, එකක් පමනක් ඇණවුම් කිරීම ගැන ගැන කණගාටුයි.",3
100346,බෑගය හොඳ ප්‍රමාණයෙන් යුක්ත නමුත් වර්‍ණ තරමක් නරක ය. එය ඉතා වේගයෙන් පැමිණියේය.,3
100347,"ගුණාත්මකභාවය හොඳයි, ගන්ධ රහිත ය, නූල් ඇලෙන්නේ නැත. නමුත් එය එකම කකුලකට මැසූ සේය.",3
100348,"මම එයට කැමතියි, එය ඉතා කුඩයි නමුත් හොඳයි.",3
100349,"බෑගය හොඳින් සාදා ඇත, නමුත් මට විවිධ දේවල් සඳහා විශාල සාක්කු ප්‍රමාණයක් අවශ්‍ය වේ.",3
100350,හරිම ලස්සනයි ඒත් නියම ප්‍රමාණයේ රෙදි නෑ,3
100351,සාමාන්‍ය පරිහරණය සදහා සුදුසුයි,3
100352,උපකරණයේ තත්වය ගැන අදහස් දැක්විය නොහැක.,3
100353,"ටිකක් කුඩා, නමුත් ඉතා හොඳින් සාදා ඇත.",3
100354,"ලෙන්ස් එක ගත්තා, ටිකක් වෙනස් පාට. එය නිල් පැහැයක් සහිත අළු පැහැයක් ගනී.",3
100355,"මම එයට කැමතියි, නමුත් එය ඉක්මනින් කැඩෙන සුලුය.",3
100356,"අයිතමය හොඳ තත්ත්වයේ ඇත, නමුත් ගුණාත්මකභාවය සාමාන්යයි.",3
100357,"ගුණාත්මකභාවය විශිෂ්ටයි, නමුත් විශාල පපුව සුදුසු නොවේ !!!",3
100358,ප්රමාණය නොගැලපේ. ඔබේ අත යට ප්‍රමාණය තෝරා ගන්නේ කෙසේදැයි මට තේරුම් ගත නොහැකි විය.,3
100359,"ගුණාත්මකභාවය හොඳයි, විස්තරයට අනුව ඇණවුම් කර ඇති අතර නොගැලපේ, ප්‍රනාණයෙන් කුඩාය.",3
100360,"හොඳ තත්ත්‍වයේ ඇත, එත් ටිකක් ඇනවුම් කල ප්‍රමානයට වඩා කුඩාය.",3
100361,කුඩා දෝෂයක් සමඟ පැමිණියේය. පිට්පසින් තරමක් වෙනස්ය.,3
100362,"ගුණාත්මකභාවය හොඳයි, නමුත් උශ්නත්වය පෙන්නුම් නොකරයි.",3
100363,හොඳ නිෂ්පාදනයක් නමුත් එහි උශ්නත්වය පැහැදිලිව පෙනෙන්නේ නැත,3
100364,"බෙදා හැරීම ප්‍රමාද වැඩියි, නමුත් හොඳ තත්ත්වයේ ලැබුණි, එක පට්ට",3
100365,වේගයෙන් පැමිණි අතර හොඳම තත්ත්වයේ නොවේ.,3
100366,"විශිෂ්ට අයිතමයක්, නමුත් ගැටලුවක් තිබේ, ඔබට එය ඇතුළු කල හැකි කවරයක් සොයාගත නොහැක.",3
100367,"පරිපූර්ණව ක්‍රියා නොකරයි, නමුත් එය හොඳ මෙවලමකි.",3
100368,නිෂ්පාදිතය පරිපූර්ණ තත්ත්වයෙන් පැමිණි නමුත් එය පැමිණියේ තරමක් ප්‍රමාද වීමෙනි.,3
100369,ඇදුම නම් හොදයි. හැබැයි හම්බුණේ ගොඩක් පරක්කු වෙලා,3
100370,"සියල්ල හොඳින් ක්‍රියා කරයි. ඉක්මනින් ලැබුනි. නමුත්, බැටරියක් නොමැති ලැබුනේ නැත.",3
100371,ලැබීමට කල් ගත වුන නමුත් නිෂ්පාදනය හොඳයි. කුඩා සහ වැඩ කිරීමට පහසුය.,3
100372,"රු200.00ක් සඳහා පමණක් හොඳ දෙයක්, අවංකව වටින්නේ නැත.",3
100373,"ලස්සනයි, නමුත් දුහුල් රෙදිවලින් නිමවා ඇත.",3
100374,එය ලස්සනයි නමුත් අඩු කල්පැවැත්ම පිළිබඳ හැඟීමක් ලබා දේ.,3
100375,"ඇපල් ලාංඡනය ෂෙල් එක මත කේන්ද්රගත නොවේ, එ ඇරෙන්න හොදයි.",3
100376,"ඉක්මනින් ලැබුනා, නමුත් එහි සවිමත් බව මදිය.",3
100377,හොඳ පෙනුමක් ඇත නමුත් හරියට ඇලවෙන්නේ නැත.,3
100378,හුරුබුහුටි නමුත් එය වඩා විශාල නම් මම කැමතියි. මිනිසුන් එය ප්‍රමාණයෙන් වැඩි හෝ විශාල හේතුවක් යැයි පවසන්නේ මන්දැයි නොදනී.,3
100379,ඇසුරුම් කිරීම ඉතා හොඳින් සිදු කර ඇති නමුත් නිෂ්පාදනයට හානි වී ඇත.,3
100380,ඇණවුම රේගුව විසින් ආපසු හරවා යවන ලදී.,3
100381,ගුණාත්මකභාවයක් ඇත නමුත් එම මුදලට එය වටින්නේ නැත,3
100382,Brilliant,3
100383,තරමක් දුරට හොදයි,3
100384,අව්ලක් නෑ තරමක් හොදයි...,3
100385,මම නිර්දේශ කරන හොඳ නිෂ්පාදනයක් නමුත් ඇසුරුම් කිරීම ඉතා නරකයි,3
100386,සෙවාව ලබා ගනෙනේ ද පිලිබඳ සලකා බලන්වා,3
100387,Oder kirimta nawatha sithnwa,3
100388,ඒක පිලිවෙලයි,3
100389,"කුඩා ගැටළුවක් (ශබ්දය) ඇත, නමුත් මුදල් සඳහා හොඳ වටිනාකමක් ලබාදෙයි.",3
100390,"එය සම් නොවේ, සවි කිරීමේ ගුණාත්මකභාවය වඩා හොඳ නමුත් එය හානි වී ඇත.",3
100391,"හොඳ ටේප්, මීටර් 10ක් ඇණවුම් කළා, දුරස්ථය බැටරියක් නොමැතිව ආවා, නමුත් හොඳින් ක්‍රියා කරයි",3
100392,"නිෂ්පාදිතය වේගයෙන් පැමිණිය, හොඳින් ඇසුරුම් කර ඇත, නමුත් කැඩුණු දාරය සමඟ පැමිණියේය.",3
100393,"සමහර විට 500 ක් ඇති, ගණන් කළේ නැත. ඉතා සුළුයි.",3
100394,"පෙට්ටිය ලැබෙන විට හානි වී තිබුණි, නමුත් උපාංගය සම්පූර්ණයි සහ වැඩ කරයි.",3
100395,"ඇලිස් (ඇප්) ඇතුළුව සෑම දෙයක්ම ක්‍රියා කරයි, නමුත් කොන්ඩර් හිලෝ ඉරිතලා නැත, එය වෙනස් කිරීම අවශ්‍ය වේ",3
100396,"ඇණවුම සති තුනක් ගත විය. මම දෙකක් ඇණවුම් කළා: කළු සහ කොළ. කළු මෘදුයි, කොළ ඝනයි, රබර් ම ඝනයි.",3
100397,වේගයෙන් බෙදා හැරීමක්. ඒත් ගුණාත්මක නොවේ!,3
100398,"ලණුව දිගු වේ, නමුත් එය එක් ස්ථරයක ස්පූල් මත තුවාල වී ඇත.",3
100399,"ඉතා ඉක්මනින් ආවා. නමුත් ඉතා කුඩා, සාමාන්යයෙන් වළලු වල දිගට නොගැලපේ",3
100400,මම වෙළඳ නාමය දන්නා අතර එය සාමාන්‍යයෙන් හොඳියි. ඔබ පැකේජය තුළ කිසිදු ආකාරයක උපකාරක පොත් පිංචක් ගෙන ආවේ නැත.,3
100401,"ඉක්මනින් ලැබුනි නමුත්, ඇසුරුමට හානි වී ඇත.",3
100402,මම හිතුවට වඩා කුඩායි! නමුත් ඉතා ලස්සන හා හොඳ තත්ත්වයේ!,3
100403,"එය දිගු කල් පවතින බවක් නොපෙනේ එය ඉතා සැහැල්ලු ය, එය විශ්වාස කළ නොහැකි ප්ලාස්ටික් එතරම් වේගයෙන් ආරෝපණය නොවේ. නමුත් මිල සඳහා ඔබට බොහෝ දේ ඉල්ලා සිටිය නොහැක",3
100404,එය එක් භාවිතයක් පමණක් වටින බව පෙනේ.,3
100405,C-Port වෙතින් හොඳින් වේගයෙන් ආරෝපණය කිරීම පමණක් නිවැරදිව ක්‍රියා කරයි,3
100406,"මෙතෙක් නිෂ්පාදනය ඉතා හොඳන් ක්‍රියා කරයි, නමුත් ආරෝපණය වීමට බොහෝ කාලයක් ගත වේ.",3
100407,"පින්තූරය පාර්සලයට වඩා දීප්තිමත් ය, පින්තූරයේ මෙන් ලස්සන නැත.",3
100408,"මුලින්ම බැලූ බැල්මට සිත් ගත්තේ නැත, මම එය සවි කර බලමි.",3
100409,"විශිෂ්ට විකුණුම්කරුවෙක්, පරිපූර්ණ නිෂ්පාදනයක්, නමුත් එය ලැබීමට බොහෝ කාලයක් ගතවිය !!",3
100410,"මා සිතුවාට වඩා ප්‍රමාන්යෙන් කුඩාය, නමුත් ගුණාත්මක බව ඉතා හොඳ බව සහතික කල හැක.",3
100411,"නරක නැත, නමුත් එය වඩාත් ඝන වනු ඇතැයි මම සිතුවෙමි.",3
100412,නිෂ්පාදිතය ගැන සතුටු වන නමුත් එය ප්ලාස්ටික් නොවන බව පෙනේ.,3
100413,"මම හිතුවේ ලොකුයි කියලා!!! ඒ වගේම එය යම් ආකාරයක බිඳෙනසුලුයි, එය යම් ආකාරයක ආලෝකයක් විහිදුවයි! මම එය තවම පරීක්ෂා කර නැහැ. නමුත් එය ලස්සනයි!",3
100414,එතරම් දීප්තිමත් නොවන නමුත් පොදුවේ සෑම දෙයක්ම හොඳයි.,3
100415,"හොඳින් වැඩ කරයි නමුත්, රතු එළිය දිගටම දැල්වෙයි.",3
100416,"මම හිතුවට වඩා දීප්තිමත් ඒවා අඩුයි, නමුත් ඒවා ප්‍රමාණයෙන් හොඳයි.",3
100417,ඉක්මනින් ලැබුනි. නමුත් ඒවායේ මුද්‍රණයන් පැහැදිලි නැත.,3
100418,"ඒක නිකන් පින්තුරේ වගේ, ඒත් ෆෝන් එක චාජ් කරනකොට එච්චර වේගයෙන් චාර්ච් කරන්න බෑ.",3
100419,නරක සෙට් එකක් නෙවෙයි. එක් marker එකක් වියළී ඇත.,3
100420,"විකිණුම්කරු සමඟ සන්නිවේදනය කළේ නැත, මම ඉහළට ඔසවා පියන දැමූ විට යන්ත්‍රය තරමක් ලිහිල් හා සෙලවී ඇත. දර්ශක ආලෝකය ක්‍රියා කරයි, තවම එය පරීක්ෂා කර නැත.",3
100421,Materials එක හොඳයි. ඒත් delivery පරක්කු උනා.,3
100422,මා ඇනවුම් කල දේ ලැබුණි නමුත් ඔවුන් එය තැපැල් පෙට්ටියේ පීඩනයට ලක් කර එය කැඩුවා. දැන් මම එය වෙනස් කරන්නේ කෙසේද?,3
100423,"බලාපොරොත්තු වූ ආකාරයටම නොවුනත්, කැමති",3
100424,"හොඳ පසුම්බියක්, නමුත් බොත්තම් රඳවා නොගනී, ඒවා සාමාන්යයෙන් අවශ්ය වන්නේ ඇයි කියා මට නොවැටහේ.",3
100425,"එය විනිවිද පෙනෙන, එය ඉතා සියුම් රෙදි.",3
100426,නිෂ්පාදනයට හානි සිදු විය. නමුත් ඇසුරුම් ඉතා හොඳින් සිදු කර ඇත.,3
100427,හුරුබුහුටි නමුත් එය වඩා විශාල නම් මම කැමතියි.,3
100428,රෙදි ස්පර්ශයට විශේෂයෙන් ප්රසන්න නොවේ. කෝප්ප ඉතා විශාලයි.,3
100429,"ලැබුනා, නමුත් විශාල වැඩියි, සමහර විට එය මගේ වරදක් විය හැක",3
100430,"ඉතා හොද නිෂ්පාදනයක්, නමුත් මගේ බලාපොරොත්තු සුන්විය. මොකද එය්ය ප්‍රමාණයෙන් ඉතා විශාලය.",3
100431,"විශ්මයජනක ගුණාත්මක භාවයක් නිමැත, නමුත් එය හරි. මිල සඳහා සැසදේ.",3
100432,"සංවේදක පැහැදිලිව ක්‍රියා කරයි, නමුත් ස්විචර් හරහා ක්‍රියා කරන් නැත.!!!",3
100433,"සාමාන්යයෙන්, කාච සාමාන්යයි.",3
100434,"බඩු පරක්කු වෙලා ඇවිත්, ප්ලාස්ටික් කෑල්ලකුත් කැඩිලා.",3
100435,ලස්සනයි නමුත් ගුණාත්මකභාවය මගේ අපේක්ෂාවන්ට සමාන නොවේ. නමුත් මිල හොඳයි.,3
100436,එය ඉතා ලස්සනයි. නමුත් ටිකක් තදයි.,3
100437,"පහත් වටකුරු බෙල්ල, පින්තූරයේ ඇති හතරැස් බෙල්ලට වඩා වෙනස් ය.",3
100438,ආරෝපණය මන්දගාමී වේ,3
100439,එය ඉතා කුඩා ය.,3
100440,"මම ඇණවුම් කරන එක නොවේ, නමුත් එය කෙසේ හෝ විශිෂ්ටයි.",3
100441,කකුල් හොඳයි. එලස්ටනෙ සමග කපු. නමුත්... විනිවිද පෙනේ.,3
100442,හොඳ නිෂ්පාදනයක් නමුත් ටේප් ඉතා දුර්වලයි.,3
100443,චාර්ජරය හොදින් ක්‍රියා කරයි. නමුත් ෆාස්ට් චාර්ජින් හරියට ක්‍රියා නොකරයි.,3
100444,"එය ලැබුනා, ලස්සනයි. නමුත් ටිකක් කෙටියි.",3
100445,"මේස් නරක නැත, නමුත් පළමු සෝදීමෙන් පසු රෙදි වල බූල් ඇදුනි.",3
100446,සාය ලස්සනඉ. යටින් ඇති රේන්දය තව ටිකක් මෘදු වුනානම් වඩාත් හොදයි.,3
100447,එය ලස්සන ඇඳුමක්! විශේෂයෙන්ම එම මිලට. නමුත් එය ඇත්තෙන්ම තරමක් කෙටිය.,3
100448,"හෙඩ්ෆෝන් ආවා. මම එය ආරෝපණය කළෙමි. එය නිවැරදිව ක්‍රියා කරයි, නමුත් කිසිදු උපදෙස් ලබා දී නොමැත.",3
100449,"එය හොදයි, පින්තූර සහ දේවල් සමග සසදන විට ඉතා හොඳයි, නමුත් එය දාරවල එතරම් ආරක්ෂිත නොවේ, මම එය දිනපතා භාවිතා නොකරමි.",3
100204,භන්ඩය නියමිත වටිනකමට වඩ මිලෙන් වඩිය.,2
100205,පරිභොගික සේවාව පිලිබදව සෑහීමකට පත්විය නොහැක.,2
100206,පාරිභෝගික සේවාව ගැන සතුටු විය නොහැක.,2
100207,බලාපොරොත්තු වූ වර්නය මෙය නොවේ.,2
100208,සමන්ය වෙලද පොලේ මිලට වඩ මිල වැඩිය.,2
100209,නරකයි,2
100210,නරකයි,2
100211,නරකයි,2
100212,ක්‍රියාකිරීම පිලිබදව තෘප්තිමත් විය නොහැක.,2
100213,භාණ්ඩය භාවිතය සුදුසු ත්ත්වයේ නැත.බලාපොරොත්තු වූ ත්ත්වයේ නැත.,2
100214,නියමිත දිනට ලැබුනේ නැත.,2
100215,"ප්‍රමාණය කුඩාය, XXL වෙනුවට M ප්‍රමාණය මෙන් පෙනේ",2
100216,අඩවියේ පාරිභොගික සේවාව පිලිබදව සතුටු විය නොහැක.,2
100217,ලබා ගන්න කල් ගියා,2
100218,tracking පිලිබදව විස්තර ගන්න අමරු වුනා මට.,2
100219,ඒත් leather එක ගැනනම් සතුටු වෙන්න බැහැ.,2
100220,customer care එකනම් මදි.,2
100221,මෙයාලගෙ packing system එක තව quality උනානම් හොදයි.,2
100222,ගත්තු ගානට මේකනම් වටින් නැහැ. හරියට ගෙදරක මහපු එකක් වගේ.,2
100223,මන් customize කරල ගත්තේ. ඒත් මට ඕන විදියටනම් නැහැ මේක.,2
100224,ඇදුමෙ sizes discretion එකේ තිබ්බ විදියට නැහැ.,2
100225,ඔර්ඩ්‍රෙ කරේ නිල් පාට. ආවේ දම් පාට cover එකක්,2
100226,හැම phone එකටම හොදට plug වෙන් නැහැ.,2
100227,Material එකනම් sure නැහැ.,2
100228,ගානනම් ටිකක් වැඩියි.,2
100229,Quality එකනම් අවුල්. Branded එකකුත් නෙවේ.,2
100230,Photos වල තිබ්බ පාට order කරපු එකේ නැහැ.,2
100231,දෙපරක්වත් use කරන්න අමරුයි. Description එකේ තියෙන තරම් මේකෙ battery හොද නැහැ.,2
100232,remote එක හරියට වැඩ නැහැ.,2
100233,වෙලාවට බඩුත් ආව නම් හොදයි.,2
100234,Battery මදි.,2
100235,පැලේ ලැබිල සතියක් විතර යද්දි මැරුනා. කොච්චර හොදට සාත්තු කරත් වැඩක් උනේ නැහැ.,2
100236,Stick එකේ lock එක හරියට හිර වෙන් නැහැ.,2
100237,Sound quality නැහැ මේකේ.,2
100238,Handle එක flexible මදි. Use කරද්දි set කරගන්න අමාරුයි.,2
100239,මේක හදල තියෙ material එක අවුල්. ඇදුම දෙපරක්වත් හෝදන්නෙ නැතුව අදින්න එපා.,2
100240,Sizes range එක තව ටිකක් expand මදි. Order කරද්දි ඕන size එක තෝරන අමාරුයි.,2
100241,Material එකනම් හොදටම අවුල්. Package එක එද්දිත් leather එක damage වෙලා තිබුනේ.,2
100242,Main shipper එක අවුල්.,2
100243,ප්‍රින්ට් එක හොදටම අවුල්.,2
100244,,2
100245,package එකනම් damage වෙලා.,2
100246,ඇණවුම 08/20 දින ලැබීමට තිබූ අතර මට එය 08/26 දින ලැබුණි. ලැබීමට දින 6ක් වැඩිපුර ගත විනි.,2
100247,guide-line එකේ විදියට නෙවේ සෙට් කරන්න තියෙන්නෙ. ඒක වැරදියි.,2
100248,Description වල තිබුන size එකට වඩා මේක පොඩියි.,2
100249,Order එක special දවසකට දාල තිබුනේ. හරියට tracking ගැන details හන්බුනේ නැහැ.,2
100250,පාල්සලය ලැබෙන් ඒට ගොඩක් damage වෙලා තිබුනා.,2
100251,Selling pictures වල පැවති ආකාරයට වඩා ඉතා කුඩා වන අතර භාණ්ඩය ලැබෙන විටද ප්රමාද වී ලැබුණි.,2
100252,පටියනම් හොද මදි.,2
100253,සිzඑ එක ගත්තට හරියට punch කරල නැහැ.,2
100254,charge වෙන්න වෙලා යනවා.,2
100255,Frame එක ටිකක් අවුල්.,2
100256,පටි හරියට lock වෙන්නෙ නැහැ watch එකට.,2
100257,වෙලාවට ආවෙ නැහැ.,2
100258,මම ඇනවුම් කල බාන්ඩය නෙමෙයි මට හම්බවුනේ.ඇයි ඔයාලට අපි ඇනවුම් කරපු එකම එවන්න බැරි?,2
100259,ඇත්තෙන්ම සංගීතයට සවන් දීමට බාස් ප්‍රමාණවත් නැත.,2
100260,ලබා දෙන භාණ්ඩය පිලිබදව වගකීමක් ගැනීමට නොහැකි නිසා නැවත භාණ්ඩ ඇනුවුම් කරන්නේ නැත..,2
100261,"පොදුවේ ගත් කල, එය ඇසුරුම ගැන තෘප්තිමත් විය නොහැක!",2
100262,"ටිකක් කල් ගියා එන්න, නමුත් ඒක shipping method එක මත.",2
100263,Material එක quality නෑ.,2
100264,XXL ප්‍රමාණය ඉතා සුදුසු යැයි සිතූ නමුත් එය ප්‍රමානයෙන් කුඩාය.,2
100265,වැඩිපුර ඇවිදින ලමයින්ටනම් ගැලපෙන් නැහැ. අඩිය ගොඩක් තුනියි.,2
100266,"මට භාන්ඩය ලැබුනේ නැත, එබැවින් මට ගුණාත්මකභාවය විනිශ්චය කළ නොහැක!",2
100267,"I don't recommend this kind of product, please guys don't purchase this",2
100268,"This is not the one we received, this only a picture which persuade to buy...but it's not in proper quality",2
100269,"ප්‍රමාණයට නොගැලපේ, ගුණාත්මකභාවය ද නරක ය.",2
100270,"එය ළදරුවන් සඳහා පමණි, මාස 10 ට වැඩි, එය ළමයින් සඳහා නොවේ.",2
100271,අපමගේ පාදය අධික ලෙස පීඩනයට පත් විනි. සැප පහුසුවක් නැත.,2
100272,චීනයේ සිට ඒමට මාස දෙකක් ගතවිනි.,2
100273,"ප්‍රමාණය, විස්තර මිනුම් වලට අනුව නොවේ.",2
100274,ප්‍රමාණයට සරිලන පරිදි ඇණවුම් කළ වර්ණය නොවේ.,2
100275,"කාඩ්බෝඩ් දෙක තට්ටුවේ නැති වී ඇත, මුද්‍රණයේ ගුණාත්මක භාවය යහපත් නොවන අතර එය හොඳින් ඇසුරුම් කර තිබුනද මා බලාපොරොත්තු වූ තරම් හොඳ නැත.",2
100276,"එය නිෂ්පාදනය කරන ලද ද්‍රව්‍ය ඉතා නරක, මෘදුය සවිමත් නැත, භාණ්ඩ සිත්ගන්නාසුළු නමුත් එම මුදලට වටින්නේ නැත, නමුත් භාණ්ඩ මා වෙත ලැබීම ගැන මම තවමත් සතුටු වෙමි.",2
100277,"ලැබෙන විට තරමක් හානි වී තිබුනි, හරියට ආවරනය කොට තිබුනේ නැත.",2
100278,කල්පවතින ස්වභාවයක් නැත.,2
100279,i-Phone සඳහා volume button ක්‍රියා නොකරයි.,2
100280,ප්‍රමානය විස්තරයට අනුරූප නොවේ.,2
100281,"විස්තරයට අනුරූපව, භාන්ඩයේ ප්‍රමාණය නොගැලපේ.",2
100282,ඉතා තුනී භාල රෙද්දකින් නිමවා ඇත.,2
100283,භාවිතා කිරිමෙදී සමේ පලු ඇති වූ අතර කිසිදු වෙනසක් සිදු නොවීය.,2
100284,එය ලබා දුන් බව ඔවුන් පැවසුවද අතර මට එය කිසි විටෙකත් නොලැබුණි. ලොජිස්ටික් කොලොම්බියාව මා සමඟ සන්නිවේදනය කළ නමුත් මට කිසි විටෙකත් භාණ්ඩය ලැබුනේ නැත,2
100285,ඉතා දුර්වල ගුණාත්මක භාවයෙන් යුත් වායු බුබුලු ඇති කරයි.,2
100286,ප්‍රමාණයෙන් ඉතා කුඩාය.,2
100287,"එය ලස්සනයි, නමුත් තිරය ඉතා අඳුරු වන අතර බැටරිය නරකයි.",2
100288,මම ඉල්ලපු පට නෙමෙයි මේ ඒවල තියෙන්නේ,2
100289,Pack කරද්දී damage වෙලා පොඩි වෙලා තිබුණා,2
100290,ගුණාත්මකභාවය ඉතා අඩුයි.,2
100291,"එහි කෙලවර අති තුඩ ඉක්මනින් කෙඩෙනවා, වැඩුකල් භාවිතා කරන්න අමාරුයි.",2
100292,ගුණාත්මක නොවන අතර අල්ලුව ඉරිතලා ඇත,2
100293,ප්‍රමාණයන් විස්තරයට ගැලපෙන් නැහැ.,2
100294,දාර හරියට මසා නැත.,2
100295,ටික දිනක් භාවිතා කරන විට උපකරනයේ දෝශ ඇති වේ.,2
100296,බැටරිය දවසකට වඩා රදා නොපවතී.,2
100297,"පැකේජය නොපැමිණෙන අතර පණිවිඩයක් යැවීමෙන් පසු කිසිවෙකු පිළිතුරු dhun nAtha, ඔහු විකිණීම කෙරෙහි වැඩි උනන්දුවක් දක්වන් නැති පාටයි..",2
100298,"මට භාණ්ඩය ආපසු දීමට අවශ්‍යය, එය අපේක්ෂා කරපු ප්‍රමාණයේ නොවේ.",2
100299,Order කරපු material එකෙන් නෙමෙයි ඇදුම තිබුණේ. ලබාගැනීමත් කල්ගත වුණා. හොඳ product එකක් නෙමේ.,2
100300,පොටෝ එක දැකල ගත්තෙ ඒ විදිහට නෑ,2
100301,මිලදී ගැනීම ගැන අසතුටුයි.,2
100302,ඉතා විශාලයි.,2
100303,"රෙදි ඉතා ඝනයි, නමුත් ස්තූතියි",2
100304,විස්තර කර ඇති පරිදි කිසිවක් නැත.,2
100305,මම ඒකට කැමති නැහැ. ඡායාරූප වල වගේ නෙවේ.,2
100306,එය පැමිණ නැත,2
100307,බල්බය යතුරු පැදි සද්හා නොගැලපේ.,2
100308,Photos waka tharama qulity ekk na,2
100309,"භාණ්ඩ ආවේ නැත, විකුණන්නා මුදල් ආපසු දුන්නේය.",2
100310,ඇනවුම් කල වර්නය ආවේ නැත.,2
100311,දන්නේ නැහැ. මගේ අයිතමය කිසි දිනෙක ලැබී නැත.,2
100312,Item එකේ quality අඩුයි,2
100313,"Blouetooth දුරස්ථ පාලකය ක්‍රියා නොකරයි. බැටරිය ලැබුනි, නමුත් විධානය ක්‍රියාත්මක නොවේ, ඔබට මට තවත් එකක් එවිය හැකිද?",2
100314,මට අIPad Air 2020 එකකට ඇණවුම් කළ අතර විකිණුම්කරු මට වැරදි එකක් එවා ඇත.,2
100315,"ගුණාත්මකභාවය ගැන මට කිව නොහැක, වෙනත් නිෂ්පාදනයක් සමග සැසදීමේදී සතුටු විය නොහක.",2
100316,"මම මගේ මොනිටරයේ සවි කිරීමට ඊයම් ඉවත් කර, සම්බන්ධකය ඉවත් කර මොනිටරයේ ඇලවීම සඳහා එම ටේප් එක අතට ගත් විට දැන් සම්බන්ධකය කැඩී ගොස් ඇත.",2
100317,ඉතා අඩු ගුණාත්මකභාවයක් ඇත. ඉතා නරක විකුණන්නෙකි. මම කෑලි 3 ක් ඇණවුම් කළ අතර ලැබුනේ 1 ක් පමණි.,2
100318,හිතන තරම් කොල්ටිනම් නෑ.,2
100319,ශබ්දය ඇසෙන්නේ එක් පැත්තක පමණි.,2
100320,"Ship කිරීමේදී නිෂ්පාදිතය හානි වී ඇත, පෙට්ටිය හොඳටම කැඩී ඇත.",2
100321,"මෙය රත්තරම් පාට නොවේ, කහ පාට sticker එකකි.",2
100322,එය පිළිකුල් සහගත සුවඳක් ඇති බැවින් එය භාවිතා කළ නොහැක.,2
100323,නිශ්පාදනය සම්පුර්ණ නොවන අතර ලැබීමට කල් ගියා.,2
100324,එම මිලට නොවටී.,2
100325,ලැබීමට ප්‍රමාද වුනා.,2
100326,බෙදා හැරීමේදී භාණ්ඩ වලට හානි වීම ගැන මට කණගාටුයි. විකුණන්නා මෙය දැනගත යුතුයි.,2
100327,එය ලස්සන නමුත් ඉතා තුනී ය.,2
100328,විස්තරයට නොගැලපේ. මට නම් එම මුදලට වටින්නේ නැත.,2
100329,බල නිමවුමක්. පිලිවලකට මසා නැත.,2
100330,සවිකිරීම සදහා ඇති ගම් සාර්ථක නැත. ඉක්මනින් ගැලවෙයි.,2
100331,"මම දෙකක් ඇනවුම් කලා, කොළ සහ රතු එකක් ඇණවුම් කළෙමි. මට රතු දෙකක් ලැබුණා.",2
100332,"ප්‍රවාහනයට කාලය බොහෝ සෙයින් ගතවිය, එසේ නොමැති නම් නරකම නැහැ.",2
100333,මම කරපු දෙවන අනවුම. මම කිසිසේත්ම තෘප්තිමත් නොවෙමි.,2
100334,ප්‍රමානයන් ගැන නිවැරදි සදහනක් නොමැත.,2
100335,"Pocket 2 ක් පමනක් ඇත, ඉදිරිපස සහ පසුපස, දුරකථනයක් සහ පෑනක් දැමීමට Pocket නොමැත. මම කැමති නැහැ.",2
100336,භාණ්ඩ ප්‍රකාශිත දේට අනුරූප නොවේ. දැඩි බලාපොරොත්තු සුන් වුනා.,2
100337,මෙය ඉතා කැඩෙන සුලුයි.,2
100338,ඉල්ලූ එකට අනුරූප නොවන අතර එයද කැඩී ඇත.,2
100339,මෙහි ඇණවුම් නොකරන්න !! මම කවදාවත් මගේ හිස කෙස් හෝ මුදල් ආපසු ගත්තේ නැත!,2
100340,"මිල ගණන් හරි, නමුත් බැලූ විට ඔරලෝසු වලින් අඩකටත් වඩා වැඩි ප්‍රමාණයක් භාවිතා කරන බව පෙනේ. ඉතා සීරීම් ද ඇත.",2
100341,"විකුණන්නාගේ වංචා කරයි, මිලදී ගන්න එපා.",2
100342,පෙනුමෙන් කදිම උපකරණයක් ලෙස පෙනෙන නමුත් එය මගේ google දුරකථනය සමඟ ක්‍රියා නොකරයි.,2
100343,පිහිනුම් ඇඳුමේ ඉහල පෙනෙන කොටසේ සහ ඇඳීමට නොහැකි තරම් විශාල ප්‍රදේශයක දෝෂයක් ඇත.,2
100344,මගේ දුරකතනය දෙවරක් ආරෝපනය කරීමට නොහැක.,2
100345,ඇනවුම් කල වර්නයම පැමිනි නමුත් එහි බොත්තම් කැඩී ඇත.,2
100346,"courier එක භාර දුන්නේ නැත, මට නගරයේ අනෙක් කෙළවරට යාමට සිදු විය.",2
100347,මට එය ලැබී නැත. මම තවමත් බලාගෙන ඉන්නවා.,2
100348,සාදා ඇති ද්‍රව්‍ය නරක ය,2
100349,එය ඉතා හුරුබුහුටි නමුත් ඇත්තෙන්ම කුඩයි !!,2
100350,භාණ්ඩ යැව්වේවත් නැත. විකුණන්නා පිළිතුරු දුන්නේ නැත. ආපසු ගෙවීම සඳහා බලා සිටිමි.,2
100351,"එය විශාල වනු ඇතැයි අපේක්ෂා කෙරේ, එය අලුත උපන් බිළිඳෙකුට පවා ඉතා කුඩා නොවේ.",2
100352,මේක කියලා තියන දේවල් වැඩ කරන්නේ නෑ,2
100353,උපකරණයේ ගුණාත්මකබව ගැන සැහීමකට පත්විය නොහැක. සේවාව අසතුටුදායකය.,2
100354,නිෂ්පාදිතය පැල්ලම් සහිත විය,2
100355,"අවාසනාවකට මෙන්, කාච ඉතා අස්වාභාවික ය, එය මට ලස්සන නැත.",2
100356,එය ලැබුනි. බලාපොරොත්තු වූවාට වඩා ඉතා කුඩාය.,2
100357,බලාපොරොත්තු වූ අන්දමින් නොතිබුනි.,2
100358,"හොඳ තත්ත්වයේ නැත, නමුත් මෙහි අනෙකුත් විකුණුම්කරුවන් වඩා හොඳය.",2
100359,ඉතා කුඩායි මගේ අතේවත් කුඩා නොවේ. මම එය නිර්දේශ කරන්නේ නැහැ.,2
100360,මම M ප්‍රමානය තේරුවත් මෙය S ප්‍රමාණය වැනිය. සමහර විට තරමක් විශාල ලෙස තෝරා ගැනීම වඩා හොඳය.,2
100361,ප්‍රමනයන් දෙකකි. ඉන් දකක් කුඩා වන අතර එකක් පමනක් නියමිත ප්‍රමානයේ ඇත.,2
100362,ලැබීමට මාසයකටත් වඩා කාලයක් ප්‍රමාද වුනා.,2
100363,උෂ්ණත්ව සංවේදකය ක්රියා නොකරයි.,2
100364,display කොටස ක්රියා නොකරයි,2
100365,ටිකක් අපිරිසිදු සහ කෙඩෙන සුලු ප්ලාස්ටික් වලින් නිමවා ඇත.,2
100366,මට කිසිම දෙයක් ලැබුණේ නැහැ.,2
100367,"අවාසනාවකට, නිෂ්පාදිතය වැරදි වර්ණයකින් පැමිණ ඇත.",2
100368,"මම රතු පැහැ එකක් ඇනවුම් කල අතර, රෝස පාට එකක් ලැබුනි. මම ඇත්තටම කලකිරුනි.",2
100369,"අවාසනාවකට, පැමිණියේ නැත, නමුත් ක්ෂණිකව මුදල් ආපසු ලබා දුන්නේය",2
100370,ඇත්තටම ෆොටෝ එකේ තිබුනේ මේකමද?,2
100371,මිමි කටුව ප්ලාස්ටික්ය. එය එතරම් සවිමත් නොවේ. ගුණාත්මක භාවය අඩුය.,2
100372,ඝන වයර් සඳහා මෙය සුදුසු නොවේ. කැපීමට නොහැකි ය.,2
100373,බැටරි බාලය. ඉක්මනින් ක්‍රියා විරහිත වුනි.,2
100374,"කමිසය කුඩා විය, නමුත් විස්තරයේ එය මගේ බරට සහ පරාමිතීන්ට ගැලපෙන බව දක්වා ඇත.",2
100375,උපාංගය නොවේ. උපාන්ගය සදහා කවරයක් පමනි. මා රැවටුනා,2
100376,කොහෙත්ම හොඳ නැහැ එය හානි වී ඇත,2
100377,මැලියම් කල් ඉකුත් වී ඇත,2
100378,මම ඒකට කැමති නැහැ.,2
100379,ප්‍රමාණයෙන් විශාල විය යුතුය.,2
100380,.එය කැඩී ඇත කරුණාකර මුදල් ආපසු හෝ වන්දි ලබා දෙන්න.,2
100381,එය ලැබෙන විටත් වයරය පැළදු වී තිබුණි.,2
100382,ඒක ටිකක් ලොකුයි.,2
100383,Good,2
100384,හොද මදි,2
100385,කිසිම වැඩක් නෑ කකවුරුත් ගන්නඑපා,2
100386,එය මා වෙත ලැබෙන විටත් ක්‍රියා කරේ නැත.,2
100387,එම සෙවාව පිලිබඳ nawatha laba ganne nh,2
100388,Oder kirinen walaki sitinwa,2
100389,ඒක ගැලපෙන්නේ නෑ,2
100390,ඒක හොඳයි ඒත් එක පැත්තක් Charging නෑ,2
100391,ඒ strip ඇත්තටම හොඳ නැහැ,2
100392,"රතු, නිල් සහ කොළ පමණක් වැඩ කරයි, එය හැර එය හොඳයි.",2
100393,එය පැමිණි නමුත් එය ගරා වැටී ඇත. අඩුම ගානේ තව කාඩ්බෝඩ් එකක් වත් ඕනේ.,2
100394,පබළු වක්‍ර!!! අඩක් කැඩිලා!!! එහි විවිධ ප්‍රමාණ සහ විවිධ පළල ඇත!!!!,2
100395,නිවැරදි අන්කනයන් නොපෙන්වයි.,2
100396,ගුණාත්මකභාවය ඉතා දුර්වල වන අතර ස්විචයන් එකින් එක සම්බන්ධ කිරීමට අවශ්ය වේ,2
100397,"ඉතා වේගයෙන් බෙදා හැරීම, කෙසේ වෙතත් එය නිෂ්පාදනය නරක ය, ශක්තියක් නොමැති අතර ඉතා දුර්වල ය",2
100398,ඉතා ස්ථාවර නොවේ,2
100399,ඔවුන් පෙන්වන ආකාරය ශක්තිමත් නොවේ. අතින් ඉරා දැමිය හැකිය.,2
100400,ඡායාරූපය සමඟ නොගැලපේ. පින්තූරයේ මෙන් නොවේ එය ඉතා දුර්වල ස්වරූපයක් ඇති බව පෙනේ.,2
100401,වැරදි පාටින් එව්වේ.,2
100402,එක දිගට ක්‍රියා කරවිය නොහැක. ඉක්ම්මනින් රත් වේ.,2
100403,"වර්ණය නොගැලපේ, ඡායාරූපයෙහි අළු සමග රෝස ඇනවුම් කල අතර, ඇත්ත වශයෙන්ම අළු සමග සුදු ලැබුනි.",2
100404,එය ටිකක් උණුසුම් වේ නමුත් ස්තූතියි. එය හොඳ අතට හැරෙනු ඇතැයි මම බලාපොරොත්තු වෙමි.,2
100405,"සම්පූර්ණ විකාරයක්, තේරුමක් නැති මුදල් නාස්තිය.",2
100406,"ඉක්මනින් ආරෝපණය නොවේ නමුත් වයර් හොඳයි, ආරෝපණය සියලු පොර්ට් සදහා වල මන්දගාමී වේ.",2
100407,වීඩියෝ එකක වගේ කැපෙන්නේ නැහැ! ගුණාත්මක භාවයෙන් සාමාන්යය!,2
100408,භාණ්ඩවල ගුණාත්මක බවින් අඩුයි. ගල් වල තීන්ත ආලේප කර ඇත.,2
100409,"අවාසනාවකට මෙන්, ජාලකයේ විශාලත්වය ඡායාරූපවලට වඩා බෙහෙවින් කුඩා විය.",2
100410,"එහි ඇත්තේ තුනී පටිය. ඔබට විශාල හෝ විශාල අයිතමයක් තිබේ නම් එය එතරම් ප්‍රයෝජනවත් නොවේ, එයට එතරම් සවියක් නොමැත.",2
100411,"එක් ලාම්පුවක් විශිෂ්ට තත්ත්වයේ තිබුනු අතර, දෙවැන්න කැඩුණු වයර් සමඟ පැමිණියේය.",2
100412,"මම ඒකට කැමති නැහැ, ඒක යට කලිසමක් වගේ එල්ලෙනවා.",2
100413,"ඉතා තියුණු ලෙස දිග හැරෙන අතර, නැමීමට ඉතා අපහසු වේ, වැඩිහිටියෙකු පවා දුෂ්කර ය. ළමයින්ට දෙන්න බැහැ.",2
100414,ප්‍රමාණය ඉතා කුඩා වන අතර වියලි බැටරි වල ධාරිතාව අඩුය සහ ශබ්දය ඉතා වැඩිය.,2
100415,"මුලදී, සිවිලිම මත ඇලවුනි, වැඩිපුර මැලියම් සහ එය වැටෙන්නේ නැත, සති 1 කට පසු එය මැලියම් නැති වී ඇත. ඩැන් එය ඇලෙන්නේ නැත.",2
100416,බල සැපයුම ලැබුනේ නැත.,2
100417,"ඒවා කුඩා බහාලුම් සඳහා ගල් වේ, එය විස්තරයේ සඳහන් කළ යුතුය.",2
100418,මට ලැබුනේ නරක මැහුම් සහ පැල්ලම් සහිත එකක්.,2
100419,එය ලැබීමට බොහෝ කල් ගත විය.,2
100420,"මාර්කර් ප්‍රමාදය, අඩක් වියලීම සහ අඩක් කාන්දු වීම සමඟ පැමිණ ඇත. ඉතා නරකයි.",2
100421,"මම මාස 2 ක් භාණ්ඩ සඳහා බලා සිටියෙමි, විකුණුම්කරු සවන් දුන්නේ නැත.",2
100422,ඉල්ලුම් කරපු color ඒකෙන් නෙමෙයි ඇදුම ලැබුණේ. Material එකත් වෙනස්,2
100423,"මම කළු පැහැති පසුම්බි දෙකක් ඇණවුම් කළෙමි. ඒවායින් එකක අගුල හිර වී ඇත, මට එය කපා දැමීමට සිදු විය.",2
100424,"material එක  ඉතා දුර්වලයි, නිමාව පින්තුරවල මෙන් නොවේ.",2
100425,එය ලැබීමට බොහෝ කාලයක් ගත උනා.,2
100426,"ඉතා කුඩා, රටාව බෙහෙවින් වෙනස්, T-shirt හැඩය වෙනස් වේ.",2
100427,එය ඉතා කුඩා ය,2
100428,ප්‍රමාණයෙන් විශාල විය යුතුයි.,2
100429,"විස්තරයේ සදහන් ප්‍රමාණයට ගැලපෙන්නේ නැත, පපුවේ ප්‍රමාණයට වඩා කුඩාය.",2
100430,දවස් 40කින් ආවා. උෂ්ණත්ව පරිමාණය දුර්වලයි. උෂ්ණත්වය අනුරූප නොවේ.,2
100431,ලැබීමට බොහෝ කල් ගත වියා.,2
100432,මාසයක් තිස්සේ බලා ඉදිමි. තාම ලැබුනේ නැත.,2
100433,මට තේරෙන්නේ නැහැ. ස්විචයේ ස්පර්ශ බොත්තම් ක්රියා නොකරයි. WiFi මගින් පමණක් ඒවා අක්රිය කළ හැකිය.,2
100434,"එය පෙන්වන ආකාරයට එය පැලදූ විට පෙනෙන්නේ නැත, ඒවා ඉතා අඳුරු ලෙස පෙනේ",2
100435,"මම හිතන්නේ එය හොඳ තත්ත්වයේ නැත, මම මගේ එළවළු මත උත්සාහ කළ නමුත් එය හොඳින් ක්‍රියා නොකරයි.",2
100436,බලාපොරොත්තු වූ තරම් සිනිදු නැති අතර ගුණාත්මකභාවය එතරම් හොඳ නැත.,2
100437,ඉතා හුරුබුහුටි නමුත් කණගාටුදායක ලෙස එය කුඩා වැඩිය.,2
100438,නරක තත්වයේ ඇදුමක්.,2
100439,භාවිතා කරන විට එය අදික ලෙස රත් වේ.,2
100440,අවාසනාවකට මම XL ඇණවුම් කළත් ප්‍රමාණය ඉතා කුඩායි.,2
100441,බෙදා හැරීමේ කාලය ටිකක් දිගු විය.,2
100442,ඇදුමේ රෙද්ද විනිවිද පෙනේ. ඉතා ලාබ පාටයි.,2
100443,අයිතමය විස්තර කර ඇති පරිදි නමුත් එය පින්තූරයට වඩා කුඩා විය. බලා පොරොත්තු වූ තරම් විශාල නොවේ.,2
100444,"විස්තරය බොරු, වේගවත් චාජරයක් පවසයි, නමුත් කිසිවක් වේගවත් නොවේ.",2
100445,"කමිසයේ සිදුරු සහිතව පැමිණියෙමි, මම ඒ සඳහා ඉතා උනන්දුවෙන් සිටි නිසා ඇත්තෙන්ම දුක් විය.",2
100446,තෝරාගත් එකක් නොවේ. කුඩා දරුවෙකු මෙන් රෝස පැහැය පැමිණියේය!,2
100447,එය දුර්වල ගුණාත්මක භාවයක් ඇති අතර ඉතා කුඩා වේ.,2
100448,ඇඳුම මට දැඩි විය. මම සාමාන්‍යයෙන් අඳින්නේ කුඩා නමුත් මෙය ඉතා කුඩායි. මට ගැලපෙන්නත් බෑ. ප්‍රමාණය වැඩි කරන්න යෝජනා කරන්නම්.,2
100449,බැටරි වැඩිවෙලා නොපවතී. ඉතා දුර්වල මට්ටමක ඇත.,2
100204,"පැති සවිමත් නැති අතර කොන් පහසුවෙන් කැඩී යා හැක, නමුත් වරදක් නැත.",1
100205,පරිභොගික සෙවාව ඉත පහල මට්ටමක පවතී. කිසිලෙසකට සීහිමකට පත් විය නොහැක.,1
100206,පරිභොගික සේවාව පිලිබදව කිසිසේත් සෑහීමකට පත්විය නොහැක.,1
100207,දුරකථනය බලපොරොත්තු වූ කාලයට නොලබුනි. සතියක් ප්‍රාමද විය. තවද පාරිභෝගික සේවාව ගැන සතුටු විය නොහැක.,1
100208,දුරකථන කවරය බාල අමුද්‍රව්ය යොදා නිමවා ඇත. තවද මා බලාපොරොත්තු වූ වර්නය මෙය නොවේ.,1
100209,සමන්ය වෙලද පොලේ මිලට වඩ ඉතමත් මිල වැඩිය. තවද භාන්ඩ ලබීමට ගතවන කාලය පිලිබදව සතුටු විය නොහැක.,1
100210,ඉතා නරකයි,1
100211,ඉතා නරකයි,1
100212,ඉතා නරකයි,1
100213,සදහන් කර තිබූ විස්තර වලට අනුව සියල්ල නිවරදි ආකරයෙන් ඇනවුම තුල නොතිබුනි. තවද ක්‍රියාකිරීම පිලිබදව තෘප්තිමත් විය නොහැක.,1
100214,මිලදී ගැනීම ගැන පසුතැවිලි වේ.,1
100215,තත්වයෙන් ඉතමත් බාල කලිසමකි. තවද නියමිත දිනට ලැබුනේනම් නැත.,1
100216,මම සෑහීමකට පත් නොවෙමි,1
100217,මෙම වෙබ් අඩවියේ පාරිභොගික සේවාව පිලිබදව කොහොමත්ම සතුටු විය නොහැක.,1
100218,ලබා ගන්න ගොඩාක් කල් ගියා,1
100219,"පරන සපත්තු, එවගේම tracking පිලිබදව විස්තර ගන්න අමරු වුනා මට.",1
100220,Leather එක ගැනනම් සතුටු වෙන්න බැහැ. ගත්තු ගානට සතුටු වෙන්න බැහැ කොහොමත්.,1
100221,customer cඅරෙ එකනම් හොදටම මදි. බඩු එන්නත් කල් ගියා.,1
100222,මෙයාලගෙ packing system එකත් හොදටම අවුල්. මන් special packing එකක් දැම්මෙ gift එකකටනම් කොහොමත්ම ගැලපෙන් නැහැ.,1
100223,ගත්තු ගානට මේකනම් පොඩ්ඩක්වත් වටින් නැහැ. හරියට ගෙදරක මහපු එකක් වගේ.,1
100224,මන් customize කරල ගත්තේ. ඒත් මට ඕන විදියටනම් නැහැ මේක. දැන් කතා කරාම පුලුවන් විදියට තම කරේ කියනවා.,1
100225,ඇදුමෙ sizes discretion එකේ තිබ්බ විදියට නැහැ. බාල රෙදි වලින් මහල තියෙන්නේ.,1
100226,ඔර්ඩ්‍රෙ කරේ නිල් පාට. ආවේ දම් පාට cඔවෙර් එකක්. අහපුවම ඒකලු මන් order කරල තියෙන්නේ.,1
100227,හැම phone එකටම හොදට plug වෙන් නැහැ. Sound quality එකත් අවුල්.,1
100228,Material එකනම් පට්ටම අවුල් . බොරු පෙනුම විතරයි.,1
100229,හැබැයි ගානනම් ටිකක් වැඩියි. වෙලාවට ලැබුනෙත් නැහැ.,1
100230,Quality එකනම් හොදටම අවුල්. බ්‍රන්ඩෙඩ් එකකුත් නෙවේ.,1
100231,Photos වල තිබ්බ පාට order කරපු එකේ නැහැ. ඔක්කොම photos වලින් තමා කරන්නෙ. බොරුව විතරයි.,1
100232,දෙපරක්වත් use කරන්න අමරුයි. Description එකේ තියෙන තරම් මේකෙ battery හොද නැහැ. Delivery වුනත් වෙලාවට කරන් නැහැ,1
100233,remote එක හරියට වැඩ නැහැ. Color patterns තියෙන්නෙත් 3යි.,1
100234,බඩුත් ආව නම් හොදයි. Color සෙට් එකත් අවුල්.,1
100235,Battery හොදටම මදි.,1
100236,පැලේ ලැබිල සතියක් විතර යද්දි මැරුනා. කොච්චර හොදට සාත්තු කරත් වැඩක් උනේ නැහැ. ඇහුවම කියනව අපිට පැල හදන්න දන් නැති එකට එයලට කරන්න දෙයක් නැහැ කියලා.,1
100237,Stick එකේ lock එක හරියට හිර වෙන් නැහැ. Switch එක වැඩත් නැහැ. ඔහොම මිනිස්සු රවට්ටන්න එපා.,1
100238,Sound quality නැහැ මේකේ. ගන්න නම් එපා මේක ජරාවක්.,1
100239,Handle එක flexible මදි. Use කරද්දි set කරගන්න අමාරුයි. අවුල් මටනම් මේක.,1
100240,මේක හදල තියෙ material එක අවුල්. හොදටම damages තියෙනවා.,1
100241,Sizes range එක තව ටිකක් expand මදි. බාල mattel එකකින් හදල තියෙන්නේ.,1
100242,Material එකනම් හොදටම අවුල්. Package එක එද්දිත් leather එක damage වෙලා තිබුනේ. Sellerට කිවුවම no reply.,1
100243,Main shipper එක අවුල්. පාවිච්චි කරන්න හොදටම අමාරුයි ඒ නිසා.,1
100244,ප්‍රින්ට් එක හොදටම අවුල්. හොදටම අවුල්. Free size කිවුවට small කොහෙද.,1
100245,"මම ඇණවුම් කළ දේ නොවේ මා හට ලැබුනේ, විකුණුම්කරු ඒ පිලිබදව පිළිතුරු දෙන්නේ නැත.",1
100246,package එකනම් damage වෙලා. හරියට වැඩ කරන් නැහැ.,1
100247,ඇණවුම 08/20 දින ලැබීමට තිබූ අතර මට එය 08/26 දින ලැබුණි. ලැබීමට දින 6ක් වැඩිපුර ගත විනි. පටිය හරියටම ගැලපෙන්නේද නැත.,1
100248,guide-line එකේ විදියට නෙවේ සෙට් කරන්න තියෙන්නෙ. ඒක වැරදියි. ගෙදරට එද්දි package එකත් damage වෙලා.,1
100249,Description වල තිබුන size එකට වඩා මේක පොඩියි. කත කරාම කියනවා මේක තමාලු size එක.,1
100250,Order එක special දවසකට දාල තිබුනේ. හරියට tracking ගැන details හන්බුනේ නැහැ. Communication කරන්න හරිම අමාරුයි.,1
100251,පාල්සලය ලැබෙන් ඒට ගොඩක් damage වෙලා තිබුනා. Delivery method එකනම් හොදටම අවුල්.,1
100252,විදිමත් ව අසුරා නොතිබූ අතර බලාපොරොත්තු වූ ආකාරයට වඩා තත්වයෙන් බාල වගකීමකින් තොර වූ භාන්ඩයකි,1
100253,පටියනම් හොද මදි. ඉක්මනට හම යනවා.,1
100254,Size එක ගත්තට හරියට punch කරල නැහැ. මේක punch කරන්න ගිහිහින් මගෙ අතින් damage උනා.,1
100255,charge වෙන්න වෙලා යනවා. බාල cable එකක් තියෙන්නේ. බොරු කාරයෙක්,1
100256,Frame එක හොදටම අවුල්.,1
100257,පටි හරියට lock වෙන්නෙ නැහැ watch එකට. Lock එකත් හොදටම අවුල්.,1
100258,වෙලාවට ආවෙ නැහැ. සතියක් පරක්කු වුනා.,1
100259,මම ඇනවුම් කලේ වෙන බාන්ඩයක්.මට හම්බුනෙ වෙන එකක්.ඔයාලට බැරිද හරි ඇනවුම එවන්න.,1
100260,Advice !!! ඇත්තෙන්ම සංගීතයට සවන් දීමට බාස් ප්‍රමාණවත් නැත.,1
100261,භාණ්ඩය විදිමත්ව අසුරා නොතිබූ හෙයින් භාණ්ඩයට බොහෝ හානි වී තිබුනි..මා හට ලැබෙන විටත් එය පාවිච්චි කිරීමට නුසුදුසු තත්වයේ පැවතුනි..,1
100262,"පොදුවේ ගත් කල, එය ඇසුරුම ගැන තෘප්තිමත් විය නොහැක, භන්ඩය පැමිනීමටද සති දෙකක් ගතවිනි.",1
100263,"භාන්ඩය damage වෙලා හොදටම කනගාටුයි මට. ඒ මදිවට ටිකක් කල් ගියා එන්න, නමුත් ඒක shipping method එක මත.",1
100264,මෙම ඇදුම ගැන කිසිසේත්ම තෘප්තිමත් වෙන්නේ නෑ.ඔයාලගේ service එකේ quality එක අඩුයී,1
100265,XXL ප්‍රමාණය ඉතා සුදුසු යැයි සිතූ නමුත් එය ප්‍රමානයෙන් කුඩාය. ප්‍රමානයන් ගැන හරි විස්තරයක් හරියට නැහැ.,1
100266,වැඩිපුර ඇවිදින ලමයින්ටනම් ගැලපෙන් නැහැ. අඩිය ගොඩක් තුනියි. රෙදි වලින් හදල තියෙන්නේ.,1
100267,"භාණ්ඩ ලැබුනේ නැත ... මම මාස 2 කට ආසන්න කාලයක් බලන් හිටියා, විකුණුම්කරු බොහෝ වේලාවක් පිළිතුරු දුන් අතර අවසානයේ එය ඔහුගේ ප්‍රශ්නයක් නොවන බව පැවසුවා ඇත. එම භාන්දයේ පාඩුව මට විදගන්න සිද්ද වුනා.",1
100268,"I hadly refused, my money in waste...I'll never purchase anything from you..",1
100269,Don't make your customers fools...,1
100270,ගුණාත්මකභාවය එතරම් හොඳ නැත. කිහිප වරක් භාවිතා කිරීමෙන් පසු එය වෙනස් වේ.,1
100271,ඒවා ළදරුවෙකුට නොගැලපෙන ප්‍රමාණයනයක්ය.,1
100272,මිලනම් හොදටම වැඩියි.,1
100273,"භාන්ඩ පැමිනීම ගැන විස්වාසයක් නැත, යමක් ඇණවුම් කරන ලෙස මම කිසිවෙකුට නොකියමි.",1
100274,අවාසනාවකට තැපෑල නොපැමිණි අතර මුදල් ආපසු ලැබුනේද නැත.,1
100275,Sellerගේ AddV ඡායාරූප වලට ලිපිය කිසිසේත්ම අනුරූප නොවේ,1
100276,"කාඩ්පත්වල අවම වශයෙන් රිදී රේඛාවක් තිබිය යුතු යැයි යමෙකු සිතනු ඇත, නමුත් නැත",1
100277,"බඩු ආවේ නැත, මුළු මුදලම ආපසු දුන්නේද නැත.",1
100278,"ලැබෙන විට තරමක් හානි වී තිබුනි, හරියට ආවරනය කොට තිබුනේ නැත. ලැබීමට කල් ගියා.",1
100279,කල්පවතින ස්වභාවයක් නැත. එම මිලට වටින් නැහැ.,1
100280,"ගුණාත්මකභාවය ඉතා අඩුයි , මිලදී ගන්න එපා",1
100281,ඇණවුම පැමිණ නැති අතර ඔවුන් වගකි කියන් නැත.,1
100282,ප්‍රමානය වැරදිය. ඉතා තුනී ලෙස නිමවා ඇත.,1
100283,Order කර භාන්ඩය ලැබුනේ නැත.,1
100284,Order කර සති තුනක් ගියත් තවම ලැබුනේ නැත.,1
100285,ලෝහ සිදුරු කිරීම සදහා කිසිසේත්ම සුදුසු නොවේ.,1
100286,ඒවා ඉතා කුඩයි. පින්තූර වලට රැවටෙන්න එපා.,1
100287,පැමිණෙන විට එය කැඩී තිබුනි.,1
100288,"නිෂ්පාදනයක් ක්‍රියා නොකරයි, මම ඔහුට පැමිනිලි කලෙමි.",1
100289,මේක මට හරියන්නේ ආයේ ඒවන්නා බැයිද,1
100290,Bag එකේ material එක පාට size එක සම්පූර්ණයෙන්ම වෙනස්. ගනුදෙනුව ගැන සෑහීමකට පත්වෙන්න බැහැ,1
100291,මේ කුනුගොඩ හරියට වැඩ කරන් නැහැ.,1
100292,ඇඟිලි එතුම ඉතා දුර්වලය. එය පළමු භාවිතයේදී ඉරී ගියේය. වාසනාවකට තලය ඇඟිල්ලෙන් ගැලවුන අතර කිසිදු හානියක් සිදු නොවීය.,1
100293,"ඇණවුම ආවේ නැත, මුදල් ආපසු දුන්නේද නැත.",1
100294,මට නිෂ්පාදනය ලැබුනේ නැහැ.,1
100295,"ගුණාත්මකභාවය අඩුයි, හරියට මසා නැත, බොත්තමද ගැලවී තිබුනි. මම නැවත මිලදී නොගන්නෙමි",1
100296,ඇනවුම් කර වර්නය නොපැමිනි අතර හරියට ක්‍රියා නොකරයි.,1
100297,ලාම්පු ස්විචය ඉතා සංවේදී ය. ඕනෑම කුඩා ගැස්මකින් පව වුනත් එය දැල්වෙමින් එහි දීප්තිය වෙනස් වේ. එය කරදරකාරී ය.,1
100298,භාන්ඩය ලැබුනේ නැත.,1
100299,"පෙට්ටිය කුඩු වී ඇත, ඇතුළත සියල්ල මුළුමනින්ම කැඩී පැවතුනි.",1
100300,බාල material එකක්. Potos වල තිබ්බ colors වලට වඩා වෙනස්. මිලදී ගැනීම ගැන පසුතැවිලි වේ.,1
100301,ආයෙ ගන්නෑ දන්න කොනෙක්ට ගන්න දෙන්නෙත් නෑ,1
100302,තත්ත්වයෙන් ඉතාමත් පහලයි.අසතුටුදායකයි.,1
100303,මම ඇණවුම් කළ දේ මට ලැබුනේ නැත.,1
100304,විස්තර කර ඇති පරිදි අයිතම වල ගුණාත්මකභාවය හොඳ නැත.,1
100305,"හොඳ ප්‍රමාණයයේ නැත, ඉතා කුඩා ය.",1
100306,"වර්නය හොදයි, නමුත් දුර්වල ගුණාත්මක භාවය ඉත අඩුයි. ඔබේ මුදල් නස්ති කරගන්න එපා.",1
100307,හරියට ක්‍රියාත්මක නොවේ.,1
100308,භාණ්ඩ ඉතා නරක ය.,1
100309,Aduma pilibadawa kisi sethama sathutak na. Qulity ekan baalai. A wagema photos wala tharam lassana colours newei.,1
100310,"ඉතා කුඩයි, මුදල් ඩැමීමට අපහසුයි, පින්තූරයට කිසිඳු ගැලපීමක් නැත",1
100311,ලැබෙන විට පලුදු වී තිබුනි.,1
100312,එම මිලට නොවටී.,1
100313,ඉතාම අඩු quality එකක් තිබුනේ සහ photo එකේ තිබුනු භාණ්ඩය සහ ලැබුණු භාණ්ඩය අතර සෑහිමකට පතිවිය නොහැක.,1
100314,අඩු ගුණාත්මක නිෂ්පාදනයක්. දුරස්ත පාලකය පොල්ලෙන් ඉවතට ගැනීමට යාමේදී පාඑය කැඩුනි. Refund එකක් ඉල්ලමි.,1
100315,කවමදාවත මට ඇනවුම ලැබුනේ නැත.,1
100316,බලාපොරොත්තු වූවාට වඩා අඩු ගුණාත්මක බවින් යුත් නිෂ්පාදන විස්තර කිරීමට අනුකූල නොවේ.,1
100317,"App එක දැනටමත් ස්ථාපනය කර ඇත, සියල්ල හොඳින් කළ අතර ක්‍රියාත්මක නොවීය !!!",1
100318,"ඉතා තුනී ප්ලාස්ටික් වලින් නිමවා ඇත, කුඩා බැටරි තුනක් අවශ්‍යයි. ලැබෙන විටත් පෙට්ටිය කුඩුපට්ටම් වී තිබුනි.",1
100319,භාන්ඩය ලැබෙන විත ගොඩක් හානි වී තිබුනි.,1
100320,මම ඉයර්ෆෝන් 2 ක් ඇණවුම් කළ අතර ලැබුනේ 1 ක් පමණි.,1
100321,"ජරාව මම 2 ක් මිලට ගත්තා, මට 1 යි ලැබුනේ, ඔවුන් මට කියනවා මගේ ලිපිනය දැන ගැනීමට මට වෙනත් දෙයක් මිලදී ගත යුතු බවත්, නරකම බොරුකාරයින්.",1
100322,කොහෙත්ම සාර්‍ථක නැත. ශක්තිමත් නැත.,1
100323,කිසි දිනෙක පැමිණියේ නැත.,1
100324,"මම ඉල්ලූ භාණ්ඩය ආවේ නැත, එය බළල් පනාවකි",1
100325,ඉතා බාල නිමැවුමක්.,1
100326,එහි ඇති ආවරනය දුහුල් වැඩිය.,1
100327,"ඉතා කලකිරීමට පත් වුනෙමි, එය කුඩා ය, භාන්ඩය ලැබෙන විට හානි වී තිබුනි.",1
100328,අවාසනාව නම් මට ඇණවුම නොලැබීමයි. තවද එය බෙදා හරින බව පවසයි. ඉතා නරකයි,1
100329,"නිෂ්පාදිතය නරක ය, අවශ්‍ය ආකෘතියෙන් ඇති අතර, මාගේ දුරකථනයට නොගැලපේ.",1
100330,ඇනවුම් කර මාස තුනක් ගියද තවම ලැබුනේ නැත. ඉතාමත් නරක සේවා සැපයීමක්.,1
100331,"නිෂ්පාදනය පැමිණි අතර එය හානි වී ඇත, තවමත් ආපසු මුදල් ගෙවීමක් කලේ නැත.",1
100332,නිෂ්පාදන වල ගුණාත්මක භාවයකින් තොර වන අතර ලැබීමටද කල් ගියා.,1
100333,මගේ දුරකථනයට එය ගැලපෙන්නේ නැත. එය මගේ දුරකථනයේ display එක ආවරණය නොකරයි.,1
100334,වැරදි key board එකක් පැමිනියේ.,1
100335,දුර්වල සන්නිවේදනයක් සහ ඇදුම හෝ මුදල් ආපසු නොලැබුණි.,1
100336,මම දෙකක් ඇනවුම් කලා. එකක්වත් පැමිනියේ නැහැ.,1
100337,මම දිගු ගවුමක් ඇණවුම් කළ නමුත් කෙටි එක මට ලැබුණි.,1
100338,භාන්ඩය හෝ මුදල් නොලැබිනි.,1
100339,මම ඇණවුම් කළ හා ගෙවූ දේ විකිණුම්කරු මට එව්වේ නැත. මම ඉතා කලකිරීමට පත්ව සිටින අතර මෙම වෙව් අඩවියෙන් කිසිවක් මිලදී නොගනිමි.,1
100340,කොණ්ඩය අඟල් 24 ක් විය යුතු අතර එහි දිග 18 ක් තරම් වේ. මට ලැබුණු නරකම විග් එකයි.,1
100341,මට ලැබෙන විට පෙට්ටිය කැඩී body එක නැතිවී තිබුනි.,1
100342,ඇනවුම් කල භාණ්ඩය කිසි දිනක නොලැබුන අතර විකිනුම් කරුද ප්‍රතිචාර නොදක්වයි.,1
100343,"දුරකථනය ආරෝපනය නොකරයි, කිසිදු චුම්භකයක් රඳවා නොගනී, නිෂ්පාදිතය ගැන මම කලකිරීමට පත් වෙමි",1
100344,මම ඇනවුම් කල ප්‍රමානයෙන් ඇදුම නොලැබීම ගැන කනගාටු වෙමි.,1
100345,මිලදී ගැනීමෙදී සටහන් කර තිබූ මුදලට වඩා වැඩි මුදලක් අය වුනි.,1
100346,"මාස 2 ක් ඇතුළත භාණ්ඩ පැමිණියේ නැත, මුදල් ආපසු දුන්නේද නැත.",1
100347,"මට විවිධ ද්‍රව්‍ය ලැබුණු අතර, ඒවායේ වර්නය වෙනස්ය.",1
100348,එය එතරම් හොද බෑගයක් නොවේ.,1
100349,කවදාවත් ලැබුනේ නැත,1
100350,මට කිසි දිනක භාණ්ඩයක් හෝ මුදල් ආපසු ලැබුණේ නැත,1
100351,"සියලුම ලිපි, පිළිතුරක් නැත, වැරදි ලිපිනයකට යැවීම හේතුවෙන් ලැබුනේ නැත. මෙතැනින් තවදුරටත් ඇණවුම් නොකරමි.",1
100352,"ඉතා කුඩායි, මෙය මට රෙදි ඩයපර් එකක් මිස බ්ලැන්කට්ටුවක් නොවේ.",1
100353,හරිම ජරා ගොඩක්. මේක ගන්න එපා. අහුවෙන්නත් එපා,1
100354,උපකරණය කිසිසේත්ම බලාපොරොත්තු වූ තත්ත්වයේ නොපවතී. සේවාව ඉතාම අසතුටුදායකය.,1
100355,ලැබුනේ නෑ!!! මම මාස 3 ක් පමණ බලා සිටිමි !!!,1
100356,එක් කාචයක් හානි වී ඇත.,1
100357,බලපොරොත්තු වූ ආකාරය නොවේ. මුදල් සඳහා වටිනාකමක් නොලැබුණි.,1
100358,"නිවැරදි කට්ටලයක් නොවේ, මට උපදෙස් තේරෙන්නේ නැත.",1
100359,ප්‍රමාණය කිසිසේත් නොගැලපේ,1
100360,නිෂ්පාදනය මා බලාපොරොත්තු වූ පරිදි නොවේ.,1
100361,ඒක පොඩි වැඩියි. කරුනාකර විකුනුම් කර මේ පිලිබද විස්තරය යාවත්කාලීන කරන්න.,1
100362,"අපහසුයි, රළු රෙදි වර්ගයකින් නිමවඇත.",1
100363,මට නිෂ්පාදනය ලැබුණේ නැහැ,1
100364,උෂ්ණත්වය මනින්නේ නැත. හුදෙක් සැරසිලක් ප්මණයි.,1
100365,"එය සම්පූර්ණයෙන්ම ක්රියා නොකරයි, මට මගේ මුදල් අහිමි විය.",1
100366,"මුද්‍රණය දුර්වලය, ගුණාත්මක භාවය අඩු කළු ප්ලාස්ටික් එකකි.",1
100367,මිලට සාපේක්ෂව ගුණාත්මක බව බින්දුව වේ. මම ගොඩක් කලකිරීමෙන් ඉන්නේ,1
100368,එය හදිසියේ භාවිතයට සුදුසු නොවේ.,1
100369,එය ලැබී දින දෙකක් තුල කැඩුනි. මම ඇත්තටම කල කිරුනි.,1
100370,එය කිසි විටෙකත් මා වෙත නොපැමිණි අතර ඔවුන් එය භාර දුන් බව වාර්තා කළහ. ඔවුන් මුදල් ආපසු දුන්නේ නැත.,1
100371,අන්තිමයි මේවගෙ කිසි කොලිටි එකක් නෑ..අපරාදේ සල්ලි 😒,1
100372,"හොඳයි, නිෂ්පාදනය පැමිණි නමුත් එවෙලේ මම ගෙදර සිටියේ නැත. මා එය විවුර්ත කර බලන විට තිරය කැඩී ඇත!",1
100373,"එය ලැබීමට සෑහෙන කාලයක් ගියා, කරකැවිල්ලේ තුඩෙන් මලකඩ ඇවිත්, බෑග් එකත් මලකඩ කාලා.",1
100374,මට කිසිම දෙයක් ලැබුණේ නැහැ.,1
100375,සේදීමෙන් පසුව නූල් විසිරීමට පටන් ගත්තේය. ඉඳිකටුවක් අරගෙන මහන්න වුණා. බාලතත්වයේ ඇදුමල්.,1
100376,එය පින්තූරයට සමාන නොවේ. මම කල කිරුනි.,1
100377,"තියුණු දාර ඇත, මම දුරකථනය සීරීමට ලක්වුනි. නිර්දේශ නොකරමි.",1
100378,දුර්වල ඇසුරුම්. කිසිවක් හයිඩ්‍රොජෙල් පටලය ආරක්ෂා නොකරයි. එය විවෘත කිරීමේදී මට තුවාල වුණා.,1
100379,"මම කවදාවත් ලැබුනේ නැහැ, මුදල් ආපසු ලැබුනෙත් නැහැ.",1
100380,භාවිතා කර ඇති රෙදි වර්ගය බාලය. සේදීමෙන් පසු ඇකිලීමට ලක්වුනි.,1
100381,"ඒක උඩින් කැඩුනා, මම විසඳුමක් හොයන්න බලාපොරොත්තු වෙනවා",1
100382,ඇනවුම් කරපු දේ කිසිදා නොලැබුණු අතර මුදලද ආපසු නොලැබුණි.,1
100383,"ප්‍රමාණය සමාන නොවේ. එය ,මට ඇදීමට නොහැක.",1
100384,Get it,1
100385,වැඩක්ම නෑ,1
100386,ජරාවක්,1
100387,මෝටරය දුර්වල වන අතර එය ඇඟිල්ලක් ස්පර්ශ කිරීමෙන් නතර වේ.,1
100388,එ පිලිබඳ අයතනයට danum denawa,1
100389,Oder krnnh na mukuth ma,1
100390,ඒකට මම කැමති නෑ,1
100391,එය ලැබුණු නමුත් එය ක්රියා නොකරයි,1
100392,"කෙටියෙන් කිවහොත්, එය ගන්න එපා !!!",1
100393,"ලෝකයේ නරකම විකුණුම්කරුවන්. වංචාවක්, ඔවුන් මට මගේ මුදල් හෝ නිෂ්පාදනය ආපසු ලබා දුන්නේ නැත.",1
100394,"ඉතා හොඳ තත්ත්වයේ නැත, ගුණාත්මකභාවය භයානක ය",1
100395,වර්ණය නොගැලපේ,1
100396,වැඩ නොකිරීම ගැන මම කලකිරෙනවා ☹️ මම මෙම විකුණුම්කරු නිර්දේශ නොකරමි.,1
100397,නිෂ්පාදනය වැඩ කළේ නැත. තේරුමක් නැති අතර ක්ලික් හඬක් ඇති කරයි,1
100398,"ඉතා නරකයි, වැඩි වාතය ගමන් නොකරයි",1
100399,"භාණ්ඩය ලැබුණේ නැත, මුදල් ආපසු දුන්නේද නැත",1
100400,බොහෝ කලක් ගත විය. රබර් ඉතා කුඩායි. මම හිතන්නේ මේ මිලට එය මිල අධිකයි.,1
100401,හිතුවට වඩා පොඩියි.,1
100402,මාගේ දුරකතනය නිවරදිව ආරෝපනය නොවේ.,1
100403,"මිලදී නොගන්න! මෙතෙක් සාදන ලද නරකම භාන්ඩයක්, ලැබෙන විටත් කැඩී බිඳී ගොස් තිබුනි, ලැබීමට දින 50 ක් ගතවිය.",1
100404,"ටර්කියුයිස් ගල් බොරු!!! සැබෑ ටර්කියුයිස් නොවේ. නිසි ලෙස සායම් කර නැත, පැල්ලම් සහිතයි!",1
100405,ලැබෙන විට හානිවී තිබුනි.,1
100406,ප්ලාස්ටික් ටිකක් ඇඹරුණු නිසා මට නිෂ්පාදනය මිරිකා ගැනීමට සිදු විය. මම හිතන්නේ ගොඩක් දුර්වලයි.,1
100407,වේගවත් ආරෝපණය ක්රියා නොකරයි.,1
100408,"එය සම මත කැපුම් නිෂ්පාදනය කරයි, ඇදගෙන යාමේදී කැපුම්, මම එය කිසිසේත් නිර්දේශ නොකරමි.",1
100409,පබළු තීන්ත ආලේප කර ඇත. ජලය හෝ දහඩිය සමඟ තීන්ත මැකී යයි.,1
100410,ඇනවුම් කල භාන්ඩය වෙනුවට ඔරලෝසුවක් පැමිණ ඇත.,1
100411,"ඉතා දුර්වල රැදවුම් පටියක්, කිසි දෙයක් වැඩි වේලාවක් රදවා නොගනී.",1
100412,"පහන් හොඳයි, නමුත් මම කළු පාට එකක් ඇණවුම් කර සුදු පාට එකක් යැව්වා, මම මේ හිරිහැර කිරීම සහ රැවටීම ගැන කණගාටු වෙමි.",1
100413,ප්‍රමාණය නියම කර ඇති ප්‍රමාණයට අනුරූප නොවේ,1
100414,පළමු භාවිතයේදී කැඩී ගියේය.,1
100415,විස්තරයට වඩා ඉතා කුඩා වූ අතර ගුණාත්මක භාවය අඩුය.,1
100416,"අඳුරේ දිලිසෙන්නේ නැත, බිත්තිවලට ඇලෙන්නේද නැත.",1
100417,එය හොඳින් ක්රියා නොකරයි.,1
100418,"බොරුව, බොරුව සහ බොරුව එය ප්‍රතිදීප්තියක් නැති සාමාන්‍ය ගල් වේ. උන්ට ඕන විදියට අපිව රවට්ටනවා",1
100419,ලැබුනු ඇදුමේ ප්‍රමානය විස්තරයට අනුරූප නොවේ. එය මට ඉතා කුඩාය.,1
100420,එය ව්යාජ ය. මෙම චාජරය ආරෝපණය වන්නේ ඇම්පියර් 1 ට වඩා අඩුවෙනි. මම ඒ ගැන ගොඩක් කලකිරීමෙන් ඉන්නේ.,1
100421,"භාණ්ඩ භයානක තත්ත්වයේ ඇත, සමහර markers කාන්දු වී ඇත, ඇතුළත බෑගය අපිරිසිදු ය.",1
100422,"ගොඩක් වෙලා ගියා, කැඩිච්ච එකක් ආවා. එය වැඩ නොකළ, කැඩී ගිය එකක් විය.",1
100423,Specifications වල තිබුණ material එක නෙමෙයි තියෙන්නේ. Material ඒකත් හොද මදි. Delivery පරක්කුයි.,1
100424,කඩදාසි ක්ලිප් එකේ දකුණු පැත්තේ කැඩී ඇත.,1
100425,"බඩු ආවා, හෑන්ඩ් බෑග් එක මම ඕඩර් කරපු එක නෙවෙයි.",1
100426,සිපර් කැඩී ඇත,1
100427,සම්පුර්ණයෙන්ම විනිවිද පෙනේ. මම ඇදුම පිලිබදව සතුටු නොවෙමි.,1
100428,එය මා වෙත ලැබෙන විටත් කැඩී තුබුනි.,1
100429,"මම ෂර්ට් 2 ක් ගත්තා, මම විකුණන්නාගෙන් මට සුදු එකක් සහ කළු එකක් එවන්නැයි ඉල්ලා සිටියෙමි, ඔහු මට කළු 2 ක් එව්වා !! එය මට ඉතා කලකිරීමකි.",1
100430,නිෂ්පාදිතය ඇලවූ නූල් සහ රසායනික ඉතා තියුණු ගන්දයකින් යුක්ත විය. මම ගොඩක් කලකිරීමෙන් ඉන්නේ.,1
100431,උෂ්ණත්වයක් නොපෙනේ,1
100432,තවම පාර්සලය ලැබුණේ නැහැ,1
100433,ගොඩක් සිහින්. එය හොඳ නැත.,1
100434,"නරක ස්විචයන්, විකුණුම්කරු වංචාකරුවෙකි.",1
100435,කාච යුගලය එකකට එකක් ගැලපෙන්නේ නැත. දෙයාකාරයකි. මම ඇත්තෙන්ම කල කිරුනි.,1
100436,ඒක කැඩිලා ආවා. ක්ලිප් තුනෙන් දෙකක් කැඩිලා සල්ලි නාස්ති වීමක්.,1
100437,මට කවදාවත් නිෂ්පාදනය ලැබුණේ නැහැ,1
100438,මට කවදාවත් භාණ්ඩය ලැබුණේ නැහැ ????? ඒ වගේම මට එය ලැබුණු බව මම කවදාවත් තහවුරු කළේ නැහැ,1
100439,මට එය ලැබුණි. එය කිසිසේත්ම බලාපොරොත්තු නොවූ ආකාරයක ඇත. මම කලකිරුණි.,1
100440,"මේකේ වැඩ කරන්නේ නැහැ, ඔරලෝසුව ලෝඩ් වෙන්නේ නැහැ. විකුණුම්කරු සන්නිවේදනය නොකරයි.",1
100441,මට එය කිසි දිනක නොලැබුණි.,1
100442,එය හානි වී ඇත.,1
100443,මම එය බලා සිටි අතර කලකිරීමට පත් විය.,1
100444,ඔබට පිටුපස ටේප් එක ගලවන්නවත් බැහැ. එය ස්ථානගත කිරීම කිසිසෙත් කළ නොහැක. මම කලකිරුනි.,1
100445,විස්තරයේ පෙන්වා ඇති පරිදි වේගවත් ආරෝපණයක් ගෙන එන්නේ නැත. විකුණුම්කරු බොරු පවසයි.,1
100446,ඒක කකුලටවත් ඇඟටවත් ගැළපෙන්නේ නැහැ.,1
100447,"භාණ්ඩ කිසි විටෙකත් යවා නැත, මට භාන්ඩය එවීම පිලිබදව තොරර්හුරු ලබා දුන්නේ නැත. ඔවුන් බඩු ලැබුන් නැති බව පිලිගත්තේ නැහැ, මේස් හම්බුනේ නෑ, සල්ලි දුන්නෙත් නෑ. මම කලකිරීමට පත්වුනෙමි.",1
100448,"සායක් ඉතා කෙටි හා ඉතා බාල රෙදි වර්ගයකින් නිමවා ඇත, රැලි වැටේ සහ නිතරම ඉහළට එසවේ.",1
100449,"මට කිසි දිනක අයිතමය ලැබී නැත, බොහෝ ගැටලු සහ මට මුදල් ආපසු ලබා ගැනීමට පවා නොහැකි විය.",1